<item>
   <qubitParentSlug>fhya-depot</qubitParentSlug>
   <title>Travels and Adventures in Southern Africa</title>
   <radGeneralMaterialDesignation>Textual record</radGeneralMaterialDesignation>
   <levelOfDescription>item</levelOfDescription>
   <scopeAndContent>[Source - Benathi Marufu for FHYA, 2020: A digitised copy of &apos;Travels and adventures in Southern Africa&apos; by George Thompson, ESQ. Eight years a resident at the Cape. Comprising a view of the present state of the Cape colony with observations on the progress and prospects of the British emigrants. London: Henry Colburn, New Burlington Street, 1827.]</scopeAndContent>
   <reproductionConditions>Creative Commons License: CC BY-NC-ND  

https://creativecommons.org/licenses/by-nc-nd/3.0/

Unless otherwise stated the copyright of all material on the FHYA resides with the contributing institution/custodian.</reproductionConditions>
   <event>
      <eventActor id="internal1">Five Hundred Year Archive (FHYA)</eventActor>
      <eventType>Online curation</eventType>
      <eventDate>2020 -</eventDate>
      <eventDescription>Digital copy from the Google book project</eventDescription>
   </event>
   <event>
      <eventActor id="internal384">London: Henry Colburn, New Burlington Street</eventActor>
      <eventType>Publication</eventType>
      <eventDate>1827</eventDate>
      <eventDescription></eventDescription>
   </event>
   <event>
      <eventActor id="internal385">George Thompson</eventActor>
      <eventType>Writing</eventType>
      <eventDate>182-?</eventDate>
      <eventDescription></eventDescription>
   </event>
   <view>
      <title>Travels and Adventures in Southern Africa</title>
      <file>FHYA%20Depot/Travels_and_Adventures_in_Southern_Africa.pdf</file>
   </view>
</item>
