<?xml version='1.0' encoding='utf-8'?>
<oai_dc:dc xmlns:dc="http://purl.org/dc/elements/1.1/" xmlns:oai_dc="http://www.openarchives.org/OAI/2.0/oai_dc/" xmlns:xsi="http://www.w3.org/2001/XMLSchema-instance" xsi:schemaLocation="http://www.openarchives.org/OAI/2.0/oai_dc/ http://www.openarchives.org/OAI/2.0/oai_dc.xsd">
  <dc:contributor>The New Digital Bleek and Lloyd Archive</dc:contributor>
  <dc:creator>Blaitje Snell</dc:creator>
  <dc:date>2020-10-05</dc:date>
  <dc:description>The Sun, a man from whose armpit brightness proceeded, lived formerly on earth; but only gave light for a space around his house. Some children belonging to the First Bushmen (who preceded the Flat Bushmen in their country) were therefore sent to throw up the sleeping Sun into the sky; since then, he shines all over the earth. We have two complete versions of this myth, a short one (L II.-4. 487 and 488, 488a-k, 494-499), and a longer one (LII.-35. 3150-3159, 3165-3236 rev.).  Besides these, we have the beginning of a version in the dialect of Stuurmans Fontein, the Karreebergen (B XXIV. 2262 and 2263); and a fragment in the same dialect (L II.-35. 3164).  Regarding a similar myth met with among some of the Australian Aborigines, vide Cape Monthly Magazine, February 1874, pp.98-102. A fragment of a version of the creation of the Sun story in which an old woman speaks to her children telling them to go and throw up the sleeping Sun into the sky to make lightness. 1) p.3163v: a stuck-in clipping from The Illustrated London News of 7 May 1898, concerning superstitions about the moon in various cultures, 3) See also The children of the First Bushmen (who preceded the Flat Bushmen in their country) throw up the sleeping Sun into the sky, 4) This story is found in Book II-35.</dc:description>
  <dc:format>text/xml</dc:format>
  <dc:identifier>http://pumbaa.cs.uct.ac.za/~balnew/metadata/stories/300</dc:identifier>
  <dc:publisher>Lucy Lloyd</dc:publisher>
  <dc:rights>CC-BY-NC-ND</dc:rights>
  <dc:source>Lucy Lloyd</dc:source>
  <dc:subject>Lucy Lloyd |xam notebooks</dc:subject>
  <dc:title>Fragment of the story of the old woman sending the children to throw up the sleeping Sun into the sky (given by Blaitje Snell)</dc:title>
  <dc:type>story</dc:type>
</oai_dc:dc>
