<item>
   <qubitParentSlug>fhya-depot</qubitParentSlug>
   <title>The Natal Who&apos;s Who: An Illustrated Biographical Sketch Book of Natalians</title>
   <radGeneralMaterialDesignation>Textual record</radGeneralMaterialDesignation>
   <levelOfDescription>item</levelOfDescription>
   <scopeAndContent>[Source - Benathi Marufu for FHYA, 2020: A digital copy compiled by The Natal Who&apos;s Who publishing Co. The Natal Who&apos;s Who: An Illustrated Biographical Sketch Book of Natalians. Durban: Natal Who&apos;s Who Pub. Co, 1906.]</scopeAndContent>
   <reproductionConditions>Creative Commons License: CC BY-NC-ND 

https://creativecommons.org/licenses/by-nc-nd/3.0/

Unless otherwise stated the copyright of all material on the FHYA resides with the contributing institution/custodian.</reproductionConditions>
   <event>
      <eventActor id="internal1">Five Hundred Year Archive (FHYA)</eventActor>
      <eventType>Online curation</eventType>
      <eventDate>2020 -</eventDate>
      <eventDescription>Digital copy from Google Book Search Project</eventDescription>
   </event>
   <event>
      <eventActor id="internal371">Natal Who&apos;s Who Pub. Co.</eventActor>
      <eventType>Publication</eventType>
      <eventDate>1906</eventDate>
      <eventDescription></eventDescription>
   </event>
   <view>
      <title>The Natal Who&apos;s Who: An Illustrated Biographical Sketch Book of Natalians</title>
      <file>FHYA%20Depot/Compiled_by_The_Natal_Whos_Who_publishing_The_Natal_WhosWho_An_Illustrated_Biographical_Sketch_Book_of_Natalians.pdf</file>
   </view>
</item>
