<item type="story"><id>909</id>
<collection>Lucy Lloyd |xam notebooks</collection>
<title><i>!kuppen</i> (imitation of the sound of horses)</title>
<summary><i>The admiration of Bushman women for the horse. The sound of the cantering of horses imitated by them. By /han≠kass’o (L VIII.-31. 8737-8740). </i>The women sit with a rolled up kaross between their knees and slap it making the sound of the horse.</summary><comments>1) See also <i>How the Bushman women show their admiration for the horse, 2</i>) p.8737v: the women &apos;play&apos; the kaross, 2) p.8738v: how the women hold the kaross between their knees while they &apos;play&apos;, 3) p.8739v: the noise the kaross makes as the women slap it, 4) This story is found in Book VIII-31</comments><date>15 August 1879</date><storypages>8738-8740</storypages><category>Custom and daily life</category><category>Artefact and dress</category><author>|han≠kass'o (Klein Jantje) (VIII)</author><keyword><kw>horse</kw><subkw>!kuppen and how women imitate their cantering by striking a kaross</subkw></keyword>
<keyword><kw>women</kw><subkw>&apos;a play it is, a women&apos;s play&apos;</subkw></keyword>
<keyword><kw>women</kw><subkw>put a kaross between their legs and strike it</subkw></keyword>
<keyword><kw>women</kw><subkw>they !kuppen and imitate the sound of horses</subkw></keyword>
<keyword><kw>!kuppen</kw><subkw>&apos;a play it is, a women&apos;s play&apos;</subkw></keyword>
<keyword><kw>!kuppen</kw><subkw>how women imitate the sound of the horse by striking a kaross</subkw></keyword>
<keyword><kw>kaross</kw><subkw>what it says</subkw></keyword>
<keyword><kw>kaross</kw><subkw>and how women imitate the sound of a horse</subkw></keyword>
<keyword><kw>kaross</kw><subkw>is struck when women !kuppen</subkw></keyword>
<keyword><kw>kaross</kw><subkw>sounds like a horse cantering when struck</subkw></keyword>
<keyword><kw>kaross</kw><subkw>women &apos;play&apos; it</subkw></keyword>

<page><file>A2_1_106_08738.JPG</file><book>BC_151_A2_1_106</book></page>
<page><file>A2_1_106_08739.JPG</file><book>BC_151_A2_1_106</book></page>
<page><file>A2_1_106_08740.JPG</file><book>BC_151_A2_1_106</book></page>
</item>
