<item>
   <qubitParentSlug>fhya-depot</qubitParentSlug>
   <title>Bantu Origins</title>
   <radGeneralMaterialDesignation>Textual record</radGeneralMaterialDesignation>
   <levelOfDescription>item</levelOfDescription>
   <scopeAndContent>[Source - Benathi Marufu for FHYA, 2020: A digital copy of the book Bantu Origins. The People &amp; their Language by A. T. Bryant, D.Litt. C. Struik. Africana Specialist &amp; Publisher Cape Town. 1963.]</scopeAndContent>
   <reproductionConditions>Creative Commons License: CC BY-NC-ND 

https://creativecommons.org/licenses/by-nc-nd/3.0/

Unless otherwise stated the copyright of all material on the FHYA resides with the contributing institution/custodian.</reproductionConditions>
   <event>
      <eventActor id="internal307">Five Hundred Year Archive</eventActor>
      <eventType>Online curation</eventType>
      <eventDate>2020 -</eventDate>
      <eventDescription>Digital copy by the Five Hundred Year Archive</eventDescription>
   </event>
   <event>
      <eventActor id="internal361">C. Struik. Africana Specialist and Publisher</eventActor>
      <eventType>Publication</eventType>
      <eventDate>1963</eventDate>
      <eventDescription></eventDescription>
   </event>
   <event>
      <eventActor id="internal32">Alfred Thomas Bryant</eventActor>
      <eventType>Writing </eventType>
      <eventDate>1945</eventDate>
      <eventDescription></eventDescription>
   </event>
   <view>
      <title>Bantu Origins</title>
      <file>FHYA%20Depot/Bryant_A_T_Bantu_Origins.pdf</file>
   </view>
</item>
