<item>
   <qubitParentSlug>fhya-depot</qubitParentSlug>
   <title>A Kafir-English Dictionary</title>
   <radGeneralMaterialDesignation>Textual record</radGeneralMaterialDesignation>
   <levelOfDescription>item</levelOfDescription>
   <scopeAndContent>[Source - Benathi Marufu for FHYA, 2020: A digital copy of the book A Kafir-English Dictionary Kropf, Albert, and Robert Godfrey. 2nd ed.South Africa: Lovedale Mission Press, 1915.]</scopeAndContent>
   <reproductionConditions>Creative Commons License: CC BY-NC-ND 

https://creativecommons.org/licenses/by-nc-nd/3.0/

Unless otherwise stated the copyright of all material on the FHYA resides with the contributing institution/custodian.</reproductionConditions>
   <view>
      <title>A Kafir-English Dictionary</title>
      <file>FHYA%20Depot/Kropf_Albert_and_Robert_Godfrey_Kafir_English_Dictionary_2nd%20ed_most.pdf</file>
   </view>
</item>
