<item>
   <qubitParentSlug>fhya-depot</qubitParentSlug>
   <title>The Past and Future of the Kaffir Races</title>
   <radGeneralMaterialDesignation>Textual record</radGeneralMaterialDesignation>
   <levelOfDescription>item</levelOfDescription>
   <scopeAndContent>[Source - Benathi Marufu for FHYA, 2020: A digital copy of the book The Past and Future of the Kaffir Races. In three parts. 1. Their history. II. Their Manners. III. The means needful for their preservation and improvement. by Rev. Holden, William C. Published for the author; and sold at 66, patternoster row: also by Richard Glanville, and co., South africa; and G. C. Cato, ESQ., Port Natal. 1866.]</scopeAndContent>
   <reproductionConditions>Creative Commons License: CC BY-NC-ND 

https://creativecommons.org/licenses/by-nc-nd/3.0/

Unless otherwise stated the copyright of all material on the FHYA resides with the contributing institution/custodian.</reproductionConditions>
   <event>
      <eventActor id="internal307">Five Hundred Year Archive</eventActor>
      <eventType>Online curation</eventType>
      <eventDate>2020 -</eventDate>
      <eventDescription>This copy was downloaded from the internet. No information of who digitised the book is available at this time</eventDescription>
   </event>
   <event>
      <eventActor id="internal326">66, patternoster row</eventActor>
      <eventType>Publication</eventType>
      <eventDate>1866</eventDate>
      <eventDescription></eventDescription>
   </event>
   <event>
      <eventActor id="internal324">Rev. William C. Holden</eventActor>
      <eventType>Writing</eventType>
      <eventDate>[186-?]</eventDate>
      <eventDescription></eventDescription>
   </event>
   <view>
      <title>The Past and Future of the Kaffir Races</title>
      <file>FHYA%20Depot/Holden_William_C_The_Past_and_Future_of_the_Kaffir_Races.pdf</file>
   </view>
</item>
