<item>
   <qubitParentSlug>fhya-depot</qubitParentSlug>
   <title>Basutoland Records. Copies of Official Documents of Various Kinds, Account of Travellers, &amp;c., Collected and Arranged by Order of the Honourable J. W. Sauer, Esq., Secretary for Native Affairs, by GEO. M. Theal, First Clerck in the Native Affairs Department. With Maps and Sketches of Boundary Lines. Volume III. 1862-1868</title>
   <radGeneralMaterialDesignation>Textual Record</radGeneralMaterialDesignation>
   <levelOfDescription>item</levelOfDescription>
   <scopeAndContent>[Source - Ettore Morelli for FHYA, 2020: A digitised copy of the collection of published and unpublished documents about Lesotho and the Free State gathered by George McCall Theal in several volumes. Only the first three volumes were published, this is volume 3.]</scopeAndContent>
   <reproductionConditions>Creative Commons License: CC BY-NC-ND  

https://creativecommons.org/licenses/by-nc-nd/3.0/

Unless otherwise stated the copyright of all material on the FHYA resides with the contributing institution/custodian.</reproductionConditions>
   <event>
      <eventActor id="internal1">Five Hundred Year Archive (FHYA)</eventActor>
      <eventType>Online Curation</eventType>
      <eventDate>2020</eventDate>
      <eventDescription></eventDescription>
   </event>
   <event>
      <eventActor id="internal10">Archive.org</eventActor>
      <eventType>Online Archiving</eventType>
      <eventDate>2016</eventDate>
      <eventDescription></eventDescription>
   </event>
   <event>
      <eventActor id="internal26">University of Pretoria Library</eventActor>
      <eventType>Digitisation</eventType>
      <eventDate>2016</eventDate>
      <eventDescription></eventDescription>
   </event>
   <event>
      <eventActor id="internal26">University of Pretoria Library</eventActor>
      <eventType>Library Holding</eventType>
      <eventDate>19-</eventDate>
      <eventDescription></eventDescription>
   </event>
   <event>
      <eventActor id="internal27">W. A. Richards &amp; Sons</eventActor>
      <eventType>Publication</eventType>
      <eventDate>1883</eventDate>
      <eventDescription></eventDescription>
   </event>
   <event>
      <eventActor id="internal28">George McCall Theal</eventActor>
      <eventType>Writing</eventType>
      <eventDate>1883</eventDate>
      <eventDescription></eventDescription>
   </event>
   <view>
      <title>Basutoland Records. Copies of Official Documents of Various Kinds, Account of Travellers, &amp;c., Collected and Arranged by Order of the Honourable J. W. Sauer, Esq., Secretary for Native Affairs, by GEO. M. Theal, First Clerck in the Native Affairs Department. With Maps and Sketches of Boundary Lines. Volume III. 1862-1868</title>
      <file>FHYA%20Depot/uMgungundlovu/Theal_Basutoland_Records_v_3_1883.pdf</file>
   </view>
</item>
