<?xml version='1.0' encoding='utf-8'?>
<oai_dc:dc xmlns:dc="http://purl.org/dc/elements/1.1/" xmlns:oai_dc="http://www.openarchives.org/OAI/2.0/oai_dc/" xmlns:xsi="http://www.w3.org/2001/XMLSchema-instance" xsi:schemaLocation="http://www.openarchives.org/OAI/2.0/oai_dc/ http://www.openarchives.org/OAI/2.0/oai_dc.xsd">
  <dc:contributor>Five Hundred Year Archive (FHYA)</dc:contributor>
  <dc:contributor>Archive.org</dc:contributor>
  <dc:contributor>University of Pretoria Library</dc:contributor>
  <dc:contributor>University of Pretoria Library</dc:contributor>
  <dc:contributor>W. A. Richards &amp; Sons</dc:contributor>
  <dc:contributor>George McCall Theal</dc:contributor>
  <dc:creator>Ettore Morelli</dc:creator>
  <dc:date>2020-10-05</dc:date>
  <dc:description>http://emandulo.apc.uct.ac.za/collection/FHYA%20Depot/uMgungundlovu/Theal_Basutoland_Records_v_3_1883.pdf</dc:description>
  <dc:format>text/xml</dc:format>
  <dc:identifier>http://emandulo.apc.uct.ac.za/metadata/FHYA Depot/78</dc:identifier>
  <dc:publisher>Ettore Morelli</dc:publisher>
  <dc:rights>Creative Commons License: CC BY-NC-ND  

https://creativecommons.org/licenses/by-nc-nd/3.0/

Unless otherwise stated the copyright of all material on the FHYA resides with the contributing institution/custodian.</dc:rights>
  <dc:source>[Source - Ettore Morelli for FHYA, 2020: A digitised copy of the collection of published and unpublished documents about Lesotho and the Free State gathered by George McCall Theal in several volumes. Only the first three volumes were published, this is volume 3.]</dc:source>
  <dc:subject>fhya-depot</dc:subject>
  <dc:title>Basutoland Records. Copies of Official Documents of Various Kinds, Account of Travellers, &amp;c., Collected and Arranged by Order of the Honourable J. W. Sauer, Esq., Secretary for Native Affairs, by GEO. M. Theal, First Clerck in the Native Affairs Department. With Maps and Sketches of Boundary Lines. Volume III. 1862-1868</dc:title>
  <dc:type>Textual Record</dc:type>
</oai_dc:dc>
