<item type="story"><id>135</id>
<collection>Lucy Lloyd |xam notebooks</collection>
<title>Covers and first pages of Lloyd&apos;s second unnumbered notebook, BC151_A2_1_002</title>
<storypages>not numbered</storypages>
<page><file>A2_1_2_FRTCV.JPG</file><book>BC_151_A2_1_002</book></page>
<page><file>A2_1_2_INBCK.JPG</file><book>BC_151_A2_1_002</book></page>
<page><file>A2_1_2_BCKCV.JPG</file><book>BC_151_A2_1_002</book></page>
<page><file>A2_1_2_INS01.JPG</file><book>BC_151_A2_1_002</book></page>
</item>
