<item>
   <qubitParentSlug>fhya-depot</qubitParentSlug>
   <title>Zulu-land; or, life among the Zulu - Kafirs of Natal and Zulu-land, South Africa. With map, and illustrations, largely from original photographs</title>
   <radGeneralMaterialDesignation>Textual record</radGeneralMaterialDesignation>
   <levelOfDescription>item</levelOfDescription>
   <scopeAndContent>[Source - Benathi Marufu for FHYA, 2020: A digtised copy of Rev. Lewis Grout&apos;s Zulu-land; or, life among the Zulu - Kafirs of Natal and Zulu-land, South Africa. With map, and illustrations, largely from original photographs. For fifteen years missionary of the American board in South Africa, author of the &apos;Grammar of the Zulu Language&apos;, and corresponding member of the American Oriental society. Presbyterian Publication Committee, 1334 Chestnut Street. New York: A. D. F. Randolph, 770 Broadway.]</scopeAndContent>
   <reproductionConditions>Creative Commons License: CC BY-NC-ND  

https://creativecommons.org/licenses/by-nc-nd/3.0/

Unless otherwise stated the copyright of all material on the FHYA resides with the contributing institution/custodian.</reproductionConditions>
   <event>
      <eventActor id="internal1">Five Hundred Year Archive (FHYA)</eventActor>
      <eventType>Online curation</eventType>
      <eventDate>2020 -</eventDate>
      <eventDescription>Digitised by the google book project</eventDescription>
   </event>
   <event>
      <eventActor id="internal391">Presbyterian Publication Committee, 1334 Chestnut Street</eventActor>
      <eventType>Publication</eventType>
      <eventDate>1864</eventDate>
      <eventDescription></eventDescription>
   </event>
   <event>
      <eventActor id="internal392">Lewis Grout</eventActor>
      <eventType>Writing</eventType>
      <eventDate>18-?</eventDate>
      <eventDescription></eventDescription>
   </event>
   <view>
      <title>Zulu-land; or, life among the Zulu - Kafirs of Natal and Zulu-land, South Africa. With map, and illustrations, largely from original photographs</title>
      <file>FHYA%20Depot/Grout_Zulu_land.pdf</file>
   </view>
</item>
