<?xml version='1.0' encoding='utf-8'?>
<oai_dc:dc xmlns:dc="http://purl.org/dc/elements/1.1/" xmlns:oai_dc="http://www.openarchives.org/OAI/2.0/oai_dc/" xmlns:xsi="http://www.w3.org/2001/XMLSchema-instance" xsi:schemaLocation="http://www.openarchives.org/OAI/2.0/oai_dc/ http://www.openarchives.org/OAI/2.0/oai_dc.xsd">
  <dc:contributor>Five Hundred Year Archive (FHYA)</dc:contributor>
  <dc:contributor>Presbyterian Publication Committee, 1334 Chestnut Street</dc:contributor>
  <dc:contributor>Lewis Grout</dc:contributor>
  <dc:creator>Benathi Marufu</dc:creator>
  <dc:date>2020-10-05</dc:date>
  <dc:description>http://emandulo.apc.uct.ac.za/collection/FHYA%20Depot/Grout_Zulu_land.pdf</dc:description>
  <dc:format>text/xml</dc:format>
  <dc:identifier>http://emandulo.apc.uct.ac.za/metadata/FHYA Depot/64</dc:identifier>
  <dc:publisher>Benathi Marufu</dc:publisher>
  <dc:rights>Creative Commons License: CC BY-NC-ND  

https://creativecommons.org/licenses/by-nc-nd/3.0/

Unless otherwise stated the copyright of all material on the FHYA resides with the contributing institution/custodian.</dc:rights>
  <dc:source>[Source - Benathi Marufu for FHYA, 2020: A digtised copy of Rev. Lewis Grout's Zulu-land; or, life among the Zulu - Kafirs of Natal and Zulu-land, South Africa. With map, and illustrations, largely from original photographs. For fifteen years missionary of the American board in South Africa, author of the 'Grammar of the Zulu Language', and corresponding member of the American Oriental society. Presbyterian Publication Committee, 1334 Chestnut Street. New York: A. D. F. Randolph, 770 Broadway.]</dc:source>
  <dc:subject>fhya-depot</dc:subject>
  <dc:title>Zulu-land; or, life among the Zulu - Kafirs of Natal and Zulu-land, South Africa. With map, and illustrations, largely from original photographs</dc:title>
  <dc:type>Textual record</dc:type>
</oai_dc:dc>
