<item type="story"><id>764</id>
<collection>Lucy Lloyd |xam notebooks</collection>
<title>Sneezing</title>
<summary>Sneezing believed to be a sign that the name of the person who sneezes has been uttered. By /han≠kass’o (L VIII.-18. 7594 rev. and 7595 rev., note).</summary><comments>1) This story is found in Book VIII-18</comments><date>September/October 1878</date><storypages>7594v-7595v</storypages><category>Custom and daily life</category><category>Portention</category><author>|han≠kass'o (Klein Jantje) (VIII)</author><keyword><kw>sneeze</kw><subkw>a belief about sneezing</subkw></keyword>
<keyword><kw>sneeze</kw><subkw>what people say when they</subkw></keyword>
<keyword><kw>sneezing</kw><subkw>what is said when it happens</subkw></keyword>
<keyword><kw>sneezing</kw><subkw>accounting for</subkw></keyword>
<keyword><kw>sneezing</kw><subkw>a |xam belief about</subkw></keyword>
<keyword><kw>sneezing</kw><subkw>happens when people say another&apos;s name</subkw></keyword>
<keyword><kw>sneezing</kw><subkw>and calling a person&apos;s name</subkw></keyword>
<keyword><kw>names</kw><subkw>the &apos;uttering&apos; of</subkw></keyword>
<keyword><kw>names</kw><subkw>sneezing and calling a person&apos;s name</subkw></keyword>

<page><file>A2_1_93_07595.JPG</file><book>BC_151_A2_1_093</book></page>
<page><file>A2_1_93_07596.JPG</file><book>BC_151_A2_1_093</book></page>
</item>
