<item>
   <qubitParentSlug>fhya-depot</qubitParentSlug>
   <title>UMpande kaSenzangakhona</title>
   <radGeneralMaterialDesignation>Textual record</radGeneralMaterialDesignation>
   <levelOfDescription>item</levelOfDescription>
   <scopeAndContent>[Source - Benathi Marufu for FHYA, 2020: A digital copy of the book uMpande kaSenzangakhona ukuxoxa ku R. R. R. Dhlomo. Umlobi walezi: Izikhali Zanamuhla, Ushaka, Dingane kaSenzangakhona, Ukwazi Kuyathuthukisa. Abakhiphi bamabuku Shutter &amp; Shooter booksellers and stationers Pietermaritzburg. Copyright 1938.]</scopeAndContent>
   <reproductionConditions>Creative Commons License: CC BY-NC-ND 

https://creativecommons.org/licenses/by-nc-nd/3.0/

Unless otherwise stated the copyright of all material on the FHYA resides with the contributing institution/custodian.</reproductionConditions>
   <event>
      <eventActor id="internal1">Five Hundred Year Archive (FHYA)</eventActor>
      <eventType>Online curation</eventType>
      <eventDate>2020 -</eventDate>
      <eventDescription>Digital copy by the Five Hundred Year Archive</eventDescription>
   </event>
   <event>
      <eventActor id="internal335">Shuter and Shooter, Pietermaritzburg</eventActor>
      <eventType>Publication</eventType>
      <eventDate>1938</eventDate>
      <eventDescription></eventDescription>
   </event>
   <event>
      <eventActor id="internal336">R. R. R. Dhlomo</eventActor>
      <eventType>Writing </eventType>
      <eventDate>[19-?]</eventDate>
      <eventDescription></eventDescription>
   </event>
   <view>
      <title>UMpande kaSenzangakhona</title>
      <file>FHYA%20Depot/Dhlomo_RRR_UMpande.pdf</file>
   </view>
</item>
