<item>
   <qubitParentSlug>fhya-depot</qubitParentSlug>
   <title>Anthropology at the South African Meeting of the British Association for the Advancement of Science, 1905</title>
   <radGeneralMaterialDesignation>Textual record</radGeneralMaterialDesignation>
   <levelOfDescription>item</levelOfDescription>
   <scopeAndContent>[Source - Benathi Marufu for FHYA, 2020: A digitised copy of  the American Association for the Advancement of Science journal &apos;Science , Mar. 30, 1906, New Series, Vol. 23, No. 587 (Mar. 30, 1906), pp. 491-494&apos; . Anthropology at the South African Meeting of the British Association for the Advancement of Science, 1905, by Alfred, C. Hadon.]</scopeAndContent>
   <reproductionConditions>Creative Commons License: CC BY-NC-ND  

https://creativecommons.org/licenses/by-nc-nd/3.0/

Unless otherwise stated the copyright of all material on the FHYA resides with the contributing institution/custodian.</reproductionConditions>
   <event>
      <eventActor id="internal1">Five Hundred Year Archive (FHYA)</eventActor>
      <eventType>Online curation</eventType>
      <eventDate>2020 -</eventDate>
      <eventDescription>Digital copy from Jstor archive</eventDescription>
   </event>
   <event>
      <eventActor id="internal382">Advancement of Science</eventActor>
      <eventType>Publication</eventType>
      <eventDate>1906</eventDate>
      <eventDescription></eventDescription>
   </event>
   <event>
      <eventActor id="internal383">Alfred, C. Hadon</eventActor>
      <eventType>Writing</eventType>
      <eventDate>1905</eventDate>
      <eventDescription></eventDescription>
   </event>
   <view>
      <title>Anthropology at the South African Meeting of the British Association for the Advancement of Science, 1905</title>
      <file>FHYA%20Depot/Haddon_Alfred_C.pdf</file>
   </view>
</item>
