<item>
   <qubitParentSlug>fhya-depot</qubitParentSlug>
   <title>The role of Prince Thimuni Kamudli kaJama in Zulu history with a special reference to the activities of his sons, Ndlovu and Chakijana and their descendants, 1842 - 1980</title>
   <radGeneralMaterialDesignation>Textual record</radGeneralMaterialDesignation>
   <levelOfDescription>item</levelOfDescription>
   <scopeAndContent>[Source - Benathi Marufu for FHYA, 2020: A copy of Thembinkosi Ntokozo Madlala&apos;s masters thesis titled The role of Prince Thimuni Kamudli kaJama in Zulu history with a special reference to the activities of his sons, Ndlovu and Chakijana and their descendants, 1842 - 1980. University of Zululand, KwaDlangezwa.]</scopeAndContent>
   <reproductionConditions>Creative Commons License: CC BY-NC-ND 

https://creativecommons.org/licenses/by-nc-nd/3.0/

Unless otherwise stated the copyright of all material on the FHYA resides with the contributing institution/custodian.</reproductionConditions>
   <event>
      <eventActor id="internal1">Five Hundred Year Archive (FHYA)</eventActor>
      <eventType>Online curation</eventType>
      <eventDate>2020 -</eventDate>
      <eventDescription>Digital copy from the UniZulu Institutional Repository</eventDescription>
   </event>
   <event>
      <eventActor id="internal318">Thembinkosi Ntokozo Madlala</eventActor>
      <eventType>Writing </eventType>
      <eventDate>1996</eventDate>
      <eventDescription></eventDescription>
   </event>
   <view>
      <title>The role of Prince Thimuni Kamudli kaJama in Zulu history with a special reference to the activities of his sons, Ndlovu and Chakijana and their descendants, 1842 - 1980</title>
      <file>FHYA%20Depot/Madlala_The_role_of_Prince_Thimuni_Kamudli.pdf</file>
   </view>
</item>
