<item>
   <qubitParentSlug>fhya-depot</qubitParentSlug>
   <title>Narrative of a Journey to the Zoolu Country in South Africa</title>
   <radGeneralMaterialDesignation>Textual record</radGeneralMaterialDesignation>
   <levelOfDescription>item</levelOfDescription>
   <scopeAndContent>[Source - Benathi Marufu for FHYA, 2020: A digital copy of Narrative of a Journey to the Zoolu Country in South Africa by Gardiner, Allen Francis. London: William Crofts, 1836.]</scopeAndContent>
   <reproductionConditions>Creative Commons License: CC BY-NC-ND  

https://creativecommons.org/licenses/by-nc-nd/3.0/

Unless otherwise stated the copyright of all material on the FHYA resides with the contributing institution/custodian.</reproductionConditions>
   <event>
      <eventActor id="internal1">Five Hundred Year Archive (FHYA)</eventActor>
      <eventType>Online curation</eventType>
      <eventDate>2020</eventDate>
      <eventDescription>Digitised by the Internet Archive
in 2015 with funding from Microsoft Corporation</eventDescription>
   </event>
   <event>
      <eventActor id="internal37">Internet Archive</eventActor>
      <eventType>Digitisation</eventType>
      <eventDate>2015</eventDate>
      <eventDescription></eventDescription>
   </event>
   <event>
      <eventActor id="internal40">Library of Princeton</eventActor>
      <eventType>Library holding</eventType>
      <eventDate>2007</eventDate>
      <eventDescription></eventDescription>
   </event>
   <event>
      <eventActor id="internal41">London: William Crofts</eventActor>
      <eventType>Publication</eventType>
      <eventDate>1836</eventDate>
      <eventDescription></eventDescription>
   </event>
   <event>
      <eventActor id="internal42">Allen Francis Gardiner</eventActor>
      <eventType>Writing</eventType>
      <eventDate>[183-?]</eventDate>
      <eventDescription></eventDescription>
   </event>
   <view>
      <title>Narrative of a Journey to the Zoolu Country in South Africa</title>
      <file>FHYA%20Depot/uMgungundlovu/Gardiner_Allen_Francis_Narrative_of_a_Journey_to_the_Zoolu_Country_in_South_Africa.pdf</file>
   </view>
</item>
