<?xml version='1.0' encoding='utf-8'?>
<oai_dc:dc xmlns:dc="http://purl.org/dc/elements/1.1/" xmlns:oai_dc="http://www.openarchives.org/OAI/2.0/oai_dc/" xmlns:xsi="http://www.w3.org/2001/XMLSchema-instance" xsi:schemaLocation="http://www.openarchives.org/OAI/2.0/oai_dc/ http://www.openarchives.org/OAI/2.0/oai_dc.xsd">
  <dc:contributor>Five Hundred Year Archive (FHYA)</dc:contributor>
  <dc:contributor>Internet Archive</dc:contributor>
  <dc:contributor>Library of Princeton</dc:contributor>
  <dc:contributor>London: William Crofts</dc:contributor>
  <dc:contributor>Allen Francis Gardiner</dc:contributor>
  <dc:creator>Benathi Marufu</dc:creator>
  <dc:date>2020-10-05</dc:date>
  <dc:description>http://emandulo.apc.uct.ac.za/collection/FHYA%20Depot/uMgungundlovu/Gardiner_Allen_Francis_Narrative_of_a_Journey_to_the_Zoolu_Country_in_South_Africa.pdf</dc:description>
  <dc:format>text/xml</dc:format>
  <dc:identifier>http://emandulo.apc.uct.ac.za/metadata/FHYA Depot/84</dc:identifier>
  <dc:publisher>Benathi Marufu</dc:publisher>
  <dc:rights>Creative Commons License: CC BY-NC-ND  

https://creativecommons.org/licenses/by-nc-nd/3.0/

Unless otherwise stated the copyright of all material on the FHYA resides with the contributing institution/custodian.</dc:rights>
  <dc:source>[Source - Benathi Marufu for FHYA, 2020: A digital copy of Narrative of a Journey to the Zoolu Country in South Africa by Gardiner, Allen Francis. London: William Crofts, 1836.]</dc:source>
  <dc:subject>fhya-depot</dc:subject>
  <dc:title>Narrative of a Journey to the Zoolu Country in South Africa</dc:title>
  <dc:type>Textual record</dc:type>
</oai_dc:dc>
