<?xml version='1.0' encoding='utf-8'?>
<oai_dc:dc xmlns:dc="http://purl.org/dc/elements/1.1/" xmlns:oai_dc="http://www.openarchives.org/OAI/2.0/oai_dc/" xmlns:xsi="http://www.w3.org/2001/XMLSchema-instance" xsi:schemaLocation="http://www.openarchives.org/OAI/2.0/oai_dc/ http://www.openarchives.org/OAI/2.0/oai_dc.xsd">
  <dc:contributor>The New Digital Bleek and Lloyd Archive</dc:contributor>
  <dc:creator>Dia!kwain (David Hoesar) (V)</dc:creator>
  <dc:date>2020-10-05</dc:date>
  <dc:description>Baboons plan to attack ||xabbiten ||xabbiten. ||xabbiten ||xabbiten asks them what they are saying and then makes remarks about their ugly appearance and climbs a Krieboom tree. He deceives the baboons by calling out to white farmers as if they were near, because baboons fear white men and their guns. 1) p.5929v: ||xabbiten ||xabbiten told Dia!kwain and some of his other young relations this story when they were children, 2) p.5931v: what the head baboon is called, and its name in Dutch, 3) This story is found in Book V-24.</dc:description>
  <dc:format>text/xml</dc:format>
  <dc:identifier>http://pumbaa.cs.uct.ac.za/~balnew/metadata/stories/551</dc:identifier>
  <dc:publisher>Lucy Lloyd</dc:publisher>
  <dc:rights>CC-BY-NC-ND</dc:rights>
  <dc:source>Lucy Lloyd</dc:source>
  <dc:subject>Lucy Lloyd |xam notebooks</dc:subject>
  <dc:title>Baboons and ||xabbiten ||xabbiten</dc:title>
  <dc:type>story</dc:type>
</oai_dc:dc>
