<item type="story"><id>763</id>
<collection>Lucy Lloyd |xam notebooks</collection>
<title>Beasts of prey were once people</title>
<summary>All things were once people. They became beasts of prey when the Anteater and the Lynx cursed each other.</summary><comments>1) See also <i>The Anteater&apos;s laws (|a!kunta&apos;s version) </i>and<i> The Anteater, Springbok and Lynx (||kabbo&apos;s version 1)</i> and<i> The Anteater&apos;s laws (||kabbo&apos;s version 2)</i>, 2) This story is found in Book VIII-18</comments><date>September/October 1878</date><storypages>7593v</storypages><category>History (Early Race)</category><author>|han≠kass'o (Klein Jantje) (VIII)</author><keyword><kw>Anteater</kw><subkw>its laws</subkw></keyword>
<keyword><kw>Anteater</kw><subkw>its curse</subkw></keyword>
<keyword><kw>Anteater</kw><subkw>before its laws beasts of prey were people</subkw></keyword>
<keyword><kw>Early Race</kw><subkw>or First Bushmen</subkw></keyword>
<keyword><kw>Early Race</kw><subkw>beasts of prey were once people of</subkw></keyword>
<keyword><kw>Early Race</kw><subkw>when all things were people of</subkw></keyword>
<keyword><kw>Lynx</kw><subkw>its curse</subkw></keyword>
<keyword><kw>Lynx</kw><subkw>and the Anteater&apos;s laws</subkw></keyword>
<keyword><kw>Lynx</kw><subkw>beasts of prey were once people</subkw></keyword>
<keyword><kw>Springbok</kw><subkw>and the Anteater&apos;s laws</subkw></keyword>
<keyword><kw>Springbok</kw><subkw>and beasts of prey who were once people</subkw></keyword>
<keyword><kw>Springbok</kw><subkw>the little Springbok</subkw></keyword>
<keyword><kw>beasts of prey</kw><subkw>and the Early Race</subkw></keyword>
<keyword><kw>beasts of prey</kw><subkw>and the Anteater&apos;s laws</subkw></keyword>
<keyword><kw>beasts of prey</kw><subkw>were once people</subkw></keyword>
<keyword><kw>beasts of prey</kw><subkw>why they became animals</subkw></keyword>
<keyword><kw>people</kw><subkw>all things were once</subkw></keyword>
<keyword><kw>people</kw><subkw>of the Early Race</subkw></keyword>
<keyword><kw>people</kw><subkw>beasts of prey were once</subkw></keyword>
<keyword><kw>curse</kw><subkw>of the Lynx and the Anteater</subkw></keyword>
<keyword><kw>curse</kw><subkw>and the Anteater&apos;s laws</subkw></keyword>
<keyword><kw>curse</kw><subkw>beasts of prey were once people</subkw></keyword>
<keyword><kw>Anteater&apos;s laws</kw><subkw>and the Anteater&apos;s curse</subkw></keyword>
<keyword><kw>Anteater&apos;s laws</kw><subkw>beasts of prey were once people</subkw></keyword>
<keyword><kw>laws</kw><subkw>the Anteater&apos;s</subkw></keyword>
<keyword><kw>laws</kw><subkw>and beasts of prey who were once people</subkw></keyword>

<page><file>A2_1_93_07594.JPG</file><book>BC_151_A2_1_093</book></page>
</item>
