<?xml version='1.0' encoding='utf-8'?>
<oai_dc:dc xmlns:dc="http://purl.org/dc/elements/1.1/" xmlns:oai_dc="http://www.openarchives.org/OAI/2.0/oai_dc/" xmlns:xsi="http://www.w3.org/2001/XMLSchema-instance" xsi:schemaLocation="http://www.openarchives.org/OAI/2.0/oai_dc/ http://www.openarchives.org/OAI/2.0/oai_dc.xsd">
  <dc:contributor>The New Digital Bleek and Lloyd Archive</dc:contributor>
  <dc:creator>|han=kass'o (Klein Jantje) (VIII)</dc:creator>
  <dc:date>2020-10-05</dc:date>
  <dc:description>All things were once people. They became beasts of prey when the Anteater and the Lynx cursed each other. 1) See also The Anteater's laws (|a!kunta's version) and The Anteater, Springbok and Lynx (||kabbo's version 1) and The Anteater's laws (||kabbo's version 2), 2) This story is found in Book VIII-18.</dc:description>
  <dc:format>text/xml</dc:format>
  <dc:identifier>http://pumbaa.cs.uct.ac.za/~balnew/metadata/stories/763</dc:identifier>
  <dc:publisher>Lucy Lloyd</dc:publisher>
  <dc:rights>CC-BY-NC-ND</dc:rights>
  <dc:source>Lucy Lloyd</dc:source>
  <dc:subject>Lucy Lloyd |xam notebooks</dc:subject>
  <dc:title>Beasts of prey were once people</dc:title>
  <dc:type>story</dc:type>
</oai_dc:dc>
