<?xml version='1.0' encoding='utf-8'?>
<oai_dc:dc xmlns:dc="http://purl.org/dc/elements/1.1/" xmlns:oai_dc="http://www.openarchives.org/OAI/2.0/oai_dc/" xmlns:xsi="http://www.w3.org/2001/XMLSchema-instance" xsi:schemaLocation="http://www.openarchives.org/OAI/2.0/oai_dc/ http://www.openarchives.org/OAI/2.0/oai_dc.xsd">
  <dc:contributor>Five Hundred Year Archive (FHYA)</dc:contributor>
  <dc:contributor>Archive.org</dc:contributor>
  <dc:contributor>Smithsonian Libraries</dc:contributor>
  <dc:contributor>Smithsonian Libraries</dc:contributor>
  <dc:contributor>Librairie de Ch. Meyrueis et C.ie</dc:contributor>
  <dc:contributor>Eugene Casalis</dc:contributor>
  <dc:creator>Ettore Morelli</dc:creator>
  <dc:date>2020-10-05</dc:date>
  <dc:description>http://emandulo.apc.uct.ac.za/collection/FHYA%20Depot/uMgungundlovu/Casalis_Les_Bassoutos_1859.pdf</dc:description>
  <dc:format>text/xml</dc:format>
  <dc:identifier>http://emandulo.apc.uct.ac.za/metadata/FHYA Depot/70</dc:identifier>
  <dc:publisher>Ettore Morelli</dc:publisher>
  <dc:rights>Creative Commons License: CC BY-NC-ND  

https://creativecommons.org/licenses/by-nc-nd/3.0/

Unless otherwise stated the copyright of all material on the FHYA resides with the contributing institution/custodian.</dc:rights>
  <dc:source>[Source - Ettore Morelli for FHYA, 2020: A digitised copy of the book published by the French missionary Eugene Casalis when back from his evangelical fieldwork in modern Lesotho. The book was published during the wars between Lesotho and the Republic of the Orange Free State and advocated for the independence of the Basotho of Moshoeshoe. The book is roughly divided into a narrative of the arrival of the missionaries and a ethnographical description of the Basotho. The book contains lithographies and a map, included in this digital copy.]</dc:source>
  <dc:subject>fhya-depot</dc:subject>
  <dc:title>Les Bassoutos, ou vignt-trois annees de sejour et d'observations au sud de l'Afrique</dc:title>
  <dc:type>Textual Record</dc:type>
</oai_dc:dc>
