<item>
   <qubitParentSlug>fhya-depot</qubitParentSlug>
   <title>Les Bassoutos, ou vignt-trois années de séjour et d&apos;observations au sud de l&apos;Afrique</title>
   <radGeneralMaterialDesignation>Textual Record</radGeneralMaterialDesignation>
   <levelOfDescription>item</levelOfDescription>
   <scopeAndContent>[Source - Ettore Morelli for FHYA, 2020: A digitised copy of the book published by the French missionary Eugène Casalis when back from his evangelical fieldwork in modern Lesotho. The book was published during the wars between Lesotho and the Republic of the Orange Free State and advocated for the independence of the Basotho of Moshoeshoe. The book is roughly divided into a narrative of the arrival of the missionaries and a ethnographical description of the Basotho. The book contains lithographies and a map, included in this digital copy.]</scopeAndContent>
   <reproductionConditions>Creative Commons License: CC BY-NC-ND  

https://creativecommons.org/licenses/by-nc-nd/3.0/

Unless otherwise stated the copyright of all material on the FHYA resides with the contributing institution/custodian.</reproductionConditions>
   <event>
      <eventActor id="internal1">Five Hundred Year Archive (FHYA)</eventActor>
      <eventType>Online Curation</eventType>
      <eventDate>2020</eventDate>
      <eventDescription></eventDescription>
   </event>
   <event>
      <eventActor id="internal10">Archive.org</eventActor>
      <eventType>Online Archiving</eventType>
      <eventDate>2013</eventDate>
      <eventDescription></eventDescription>
   </event>
   <event>
      <eventActor id="internal11">Smithsonian Libraries</eventActor>
      <eventType>Digitisation</eventType>
      <eventDate>2013</eventDate>
      <eventDescription></eventDescription>
   </event>
   <event>
      <eventActor id="internal11">Smithsonian Libraries</eventActor>
      <eventType>Library Holding</eventType>
      <eventDate>1988</eventDate>
      <eventDescription></eventDescription>
   </event>
   <event>
      <eventActor id="internal12">Librairie de Ch. Meyrueis et C.ie</eventActor>
      <eventType>Publication</eventType>
      <eventDate>1859</eventDate>
      <eventDescription></eventDescription>
   </event>
   <event>
      <eventActor id="internal13">Eugène Casalis</eventActor>
      <eventType>Writing</eventType>
      <eventDate>1833-1859</eventDate>
      <eventDescription></eventDescription>
   </event>
   <view>
      <title>Les Bassoutos, ou vignt-trois années de séjour et d&apos;observations au sud de l&apos;Afrique</title>
      <file>FHYA%20Depot/uMgungundlovu/Casalis_Les_Bassoutos_1859.pdf</file>
   </view>
</item>
