<item type="story"><id>790</id>
<collection>Lucy Lloyd |xam notebooks</collection>
<title>Words and sentences: |xam names of animals</title>
<summary>A list of |xam names of animals.</summary><comments>1) This story is found in Book VIII-21</comments><date>October 1878</date><storypages>inside front cover of Book VIII-21</storypages><category>Words and sentences</category><author>|han≠kass'o (Klein Jantje) (VIII)</author><keyword><kw>vocabulary</kw><subkw>|xam</subkw></keyword>
<keyword><kw>vocabulary</kw><subkw>names of animals</subkw></keyword>
<keyword><kw>words and sentences</kw><subkw>names of animals</subkw></keyword>
<keyword><kw>names</kw><subkw>of animals</subkw></keyword>
<keyword><kw>animals</kw><subkw>names of</subkw></keyword>

<page><file>A2_1_96_COVIII.JPG</file><book>BC_151_A2_1_096</book></page>
</item>
