<item>
   <qubitParentSlug>fhya-depot</qubitParentSlug>
   <title>Mgungundlovu</title>
   <radGeneralMaterialDesignation>Textual record</radGeneralMaterialDesignation>
   <levelOfDescription>item</levelOfDescription>
   <scopeAndContent>[Source - Benathi Marufu for FHYA, 2020: A digital copy of “Mgungundlovu”, an Honours thesis by Michael Cronin. University of Cape Town, 1975.]</scopeAndContent>
   <reproductionConditions>Creative Commons License: CC BY-NC-ND  

https://creativecommons.org/licenses/by-nc-nd/3.0/

Unless otherwise stated the copyright of all material on the FHYA resides with the contributing institution/custodian.</reproductionConditions>
   <event>
      <eventActor id="internal1">Five Hundred Year Archive (FHYA)</eventActor>
      <eventType>Online curation</eventType>
      <eventDate>2020</eventDate>
      <eventDescription>Digital copy by the FHYA in 2019</eventDescription>
   </event>
   <event>
      <eventActor id="internal33">Michael Cronin</eventActor>
      <eventType>Writing</eventType>
      <eventDate>1975</eventDate>
      <eventDescription>University of Cape Town</eventDescription>
   </event>
   <view>
      <title>Mgungundlovu</title>
      <file>FHYA%20Depot/uMgungundlovu/Cronin_M.pdf</file>
   </view>
</item>
