<item>
   <qubitParentSlug>fhya-depot</qubitParentSlug>
   <title>Forty Years Among The Zulus</title>
   <radGeneralMaterialDesignation>Textual record</radGeneralMaterialDesignation>
   <levelOfDescription>item</levelOfDescription>
   <scopeAndContent>[Source - Benathi Marufu for FHYA, 2020: A digital copy of the book Forty Years Among the Zulus by the Rev. Josiah, Tyler. Missionary of the A, B, C, F, M. Presented by The Rev. Robert Howard at Moulton Library Bangor Theological Seminary. Boston and Chicago. Congregational Sunday School and Publishing Society, 1891.]</scopeAndContent>
   <reproductionConditions>Creative Commons License: CC BY-NC-ND 

https://creativecommons.org/licenses/by-nc-nd/3.0/

Unless otherwise stated the copyright of all material on the FHYA resides with the contributing institution/custodian.</reproductionConditions>
   <event>
      <eventActor id="internal307">Five Hundred Year Archive</eventActor>
      <eventType>Online curation</eventType>
      <eventDate>2020 -</eventDate>
      <eventDescription>This copy was downloaded from the internet. No information of who digitised the book is available at this time</eventDescription>
   </event>
   <event>
      <eventActor id="internal354">Congregational Sunday School and Publishing Society</eventActor>
      <eventType>Publication</eventType>
      <eventDate>1891</eventDate>
      <eventDescription></eventDescription>
   </event>
   <event>
      <eventActor id="internal355">Josiah Tyler</eventActor>
      <eventType>Writing </eventType>
      <eventDate>[189-?]</eventDate>
      <eventDescription></eventDescription>
   </event>
   <view>
      <title>Forty Years Among The Zulus</title>
      <file>FHYA%20Depot/Rev_Tyler_Josiah_forty_years_among_the_Zulus.pdf</file>
   </view>
</item>
