<item>
   <qubitParentSlug>fhya-depot</qubitParentSlug>
   <title>The Diary of Henry Francis Fynn</title>
   <radGeneralMaterialDesignation>Textual record</radGeneralMaterialDesignation>
   <levelOfDescription>item</levelOfDescription>
   <scopeAndContent>[Source - Benathi Marufu for FHYA, 2020: A digital copy of the book The Diary of Henry Francis Fynn by Fynn, Henry F. Compiled from Original Sources, edited by Malcolm, Daniel Mck. and James Stuart. Pietermaritzburg: Shuter &amp; Shooter, 1950.]</scopeAndContent>
   <reproductionConditions>Creative Commons License: CC BY-NC-ND  

https://creativecommons.org/licenses/by-nc-nd/3.0/

Unless otherwise stated the copyright of all material on the FHYA resides with the contributing institution/custodian.</reproductionConditions>
   <event>
      <eventActor id="internal1">Five Hundred Year Archive (FHYA)</eventActor>
      <eventType>Online curation</eventType>
      <eventDate>2020</eventDate>
      <eventDescription>Digital copy by the FHYA in 2019</eventDescription>
   </event>
   <event>
      <eventActor id="internal29">Shuter and Shooter Publishers (Pty) Ltd</eventActor>
      <eventType>Publication</eventType>
      <eventDate>1950</eventDate>
      <eventDescription></eventDescription>
   </event>
   <event>
      <eventActor id="internal34">James Stuart</eventActor>
      <eventType>Editing</eventType>
      <eventDate>[1950?]</eventDate>
      <eventDescription></eventDescription>
   </event>
   <event>
      <eventActor id="internal35">D. M. K. Malcolm</eventActor>
      <eventType>Editing</eventType>
      <eventDate>1950?</eventDate>
      <eventDescription></eventDescription>
   </event>
   <event>
      <eventActor id="internal36">Henry Fynn</eventActor>
      <eventType>Writing </eventType>
      <eventDate>[YYYY]</eventDate>
      <eventDescription></eventDescription>
   </event>
   <view>
      <title>The Diary of Henry Francis Fynn</title>
      <file>FHYA%20Depot/uMgungundlovu/Fynn_Stuart_James_and_C_Mck_Malcolm_The_Diary_of_Henry_Francis_Fynn_1950.pdf</file>
   </view>
</item>
