<item>
   <qubitParentSlug>fhya-depot</qubitParentSlug>
   <title>Journal des Missions évangéliques, huitième année, 4° Livraison, 15 April 1833</title>
   <radGeneralMaterialDesignation>Textual Record</radGeneralMaterialDesignation>
   <levelOfDescription>item</levelOfDescription>
   <scopeAndContent>[Source - Ettore Morelli for FHYA, 2020: A digitised copy of the French missionary periodical &apos;Journal des Missions évangéliques&apos;, 8 (1833), no. 4. Later numbers were bound together in single-year volumes.]</scopeAndContent>
   <reproductionConditions>Creative Commons License: CC BY-NC-ND  

https://creativecommons.org/licenses/by-nc-nd/3.0/

Unless otherwise stated the copyright of all material on the FHYA resides with the contributing institution/custodian.</reproductionConditions>
   <event>
      <eventActor id="internal1">Five Hundred Year Archive (FHYA)</eventActor>
      <eventType>Online Curation</eventType>
      <eventDate>2020</eventDate>
      <eventDescription></eventDescription>
   </event>
   <event>
      <eventActor id="internal10">Archive.org</eventActor>
      <eventType>Online Archiving</eventType>
      <eventDate>2015</eventDate>
      <eventDescription></eventDescription>
   </event>
   <event>
      <eventActor id="internal15">Princeton Theological Seminary Library</eventActor>
      <eventType>Digitisation</eventType>
      <eventDate>2015</eventDate>
      <eventDescription></eventDescription>
   </event>
   <event>
      <eventActor id="internal15">Princeton Theological Seminary Library</eventActor>
      <eventType>Library Holding</eventType>
      <eventDate>1907</eventDate>
      <eventDescription></eventDescription>
   </event>
   <event>
      <eventActor id="internal16">J.J. Risler Libraire</eventActor>
      <eventType>Publication</eventType>
      <eventDate>1833</eventDate>
      <eventDescription></eventDescription>
   </event>
   <event>
      <eventActor id="internal17">Société des Missions évangéliques de Paris</eventActor>
      <eventType>Writing</eventType>
      <eventDate>1832-1833</eventDate>
      <eventDescription></eventDescription>
   </event>
   <view>
      <title>Journal des Missions évangéliques, huitième année, 4° Livraison, 15 April 1833</title>
      <file>FHYA%20Depot/uMgungundlovu/Journal_des_Missions_Evangeliques_8_4_1833.pdf</file>
   </view>
</item>
