<item type="story"><id>931</id>
<collection>Lucy Lloyd |xam notebooks</collection>
<title>Note on lizards</title>
<summary>The ||<i>horu</i> resembles the <i>kochelman,</i> or <i>!khau.</i> Children eat them, but not grown-up people. </summary><comments>1) This story is found in Book VIII-32</comments><date>November 1879</date><storypages>8821v</storypages><category>Plants and animals</category><category>Custom and daily life</category><author>|han≠kass'o (Klein Jantje) (VIII)</author><keyword><kw>lizard</kw><subkw>called ||horu</subkw></keyword>
<keyword><kw>lizard</kw><subkw>its head is pierced by sharp sticks</subkw></keyword>
<keyword><kw>lizard</kw><subkw>a description of</subkw></keyword>
<keyword><kw>lizard</kw><subkw>poking out is called ||noten</subkw></keyword>
<keyword><kw>lizard</kw><subkw>methods of catching</subkw></keyword>
<keyword><kw>lizard</kw><subkw>eaten by children</subkw></keyword>
<keyword><kw>lizard</kw><subkw>is poked out with a stick</subkw></keyword>
<keyword><kw>stick</kw><subkw>used to poke out lizards</subkw></keyword>
<keyword><kw>stick</kw><subkw>called bbarri</subkw></keyword>
<keyword><kw>children</kw><subkw>eat lizards called ||horu</subkw></keyword>
<keyword><kw>food</kw><subkw>eaten by children</subkw></keyword>
<keyword><kw>food</kw><subkw>catching and eating lizards</subkw></keyword>
<keyword><kw>food</kw><subkw>children eat the lizard called ||horu</subkw></keyword>
<keyword><kw>name</kw><subkw>a lizard called ||horu</subkw></keyword>
<keyword><kw>name</kw><subkw>stick used to poke out lizards is called bbarri</subkw></keyword>
<keyword><kw>name</kw><subkw>poking out of lizards is called ||noten</subkw></keyword>

<page><file>A2_1_107_08822.JPG</file><book>BC_151_A2_1_107</book></page>
</item>
