<?xml version='1.0' encoding='utf-8'?>
<oai_dc:dc xmlns:dc="http://purl.org/dc/elements/1.1/" xmlns:oai_dc="http://www.openarchives.org/OAI/2.0/oai_dc/" xmlns:xsi="http://www.w3.org/2001/XMLSchema-instance" xsi:schemaLocation="http://www.openarchives.org/OAI/2.0/oai_dc/ http://www.openarchives.org/OAI/2.0/oai_dc.xsd">
  <dc:contributor>Five Hundred Year Archive (FHYA)</dc:contributor>
  <dc:contributor>Anthony Trevor Cope</dc:contributor>
  <dc:creator>Henry Fagan</dc:creator>
  <dc:date>2020-10-05</dc:date>
  <dc:description>http://emandulo.apc.uct.ac.za/collection/FHYA%20Depot/Cope_The_Zulu_People_bibliography.pdf</dc:description>
  <dc:format>text/xml</dc:format>
  <dc:identifier>http://emandulo.apc.uct.ac.za/metadata/FHYA Depot/63</dc:identifier>
  <dc:publisher>Henry Fagan</dc:publisher>
  <dc:rights>Creative Commons License: CC BY-NC-ND  

https://creativecommons.org/licenses/by-nc-nd/3.0/

Unless otherwise stated the copyright of all material on the FHYA resides with the contributing institution/custodian.</dc:rights>
  <dc:source>[Source - Henry Fagan for FHYA, 2020: A digtised copy of Anthony Trevor Cope's A Select Bibliography: Relating to the People of Natal and Zululand. The work comprises a list of resources pertinent to the history of the Zulu-speakers of the KwaZulu-Natal region, along with a brief description of each item. It also contains a brief introductory passage explaining its rationale.]</dc:source>
  <dc:subject>fhya-depot</dc:subject>
  <dc:title>A Select Bibliography: Relating to the People of Natal and Zululand</dc:title>
  <dc:type>Textual record</dc:type>
</oai_dc:dc>
