<item>
   <qubitParentSlug>fhya-depot</qubitParentSlug>
   <title>Zulu Medicine and Medicine-men</title>
   <radGeneralMaterialDesignation>Textual record</radGeneralMaterialDesignation>
   <levelOfDescription>item</levelOfDescription>
   <scopeAndContent>[Source - Benathi Marufu for FHYA, 2020: A digitised copy of Zulu medicine and medicine-men by A. T. Bryant. Reprinted from &apos;Annals of the Natal Government Museum&apos;, Vol. II, part 1, July, 1909.]</scopeAndContent>
   <reproductionConditions>Creative Commons License: CC BY-NC-ND  

https://creativecommons.org/licenses/by-nc-nd/3.0/

Unless otherwise stated the copyright of all material on the FHYA resides with the contributing institution/custodian.</reproductionConditions>
   <event>
      <eventActor id="internal1">Five Hundred Year Archive (FHYA)</eventActor>
      <eventType>Online curation</eventType>
      <eventDate>2020 -</eventDate>
      <eventDescription>Digitised by the Internet Archive
in 2016</eventDescription>
   </event>
   <event>
      <eventActor id="internal381">Annals of the Natal Government Museum</eventActor>
      <eventType>Publication</eventType>
      <eventDate>1909</eventDate>
      <eventDescription></eventDescription>
   </event>
   <event>
      <eventActor id="internal380">Alfred, T. Bryant</eventActor>
      <eventType>Writing</eventType>
      <eventDate>190-?</eventDate>
      <eventDescription></eventDescription>
   </event>
   <view>
      <title>Zulu Medicine and Medicine-men</title>
      <file>FHYA%20Depot/Bryant_A_T_Zulu_Medicine_and_Medicine_men.pdf</file>
   </view>
</item>
