<item>
   <qubitParentSlug>fhya-depot</qubitParentSlug>
   <title>Travels and adventures in eastern Africa,vol.2</title>
   <radGeneralMaterialDesignation>Textual record</radGeneralMaterialDesignation>
   <levelOfDescription>item</levelOfDescription>
   <scopeAndContent>[Source - Benathi Marufu for FHYA, 2020: A digital copy of the book Travels and adventures in eastern Africa: descriptive of the Zoolus, their manners, customs, etc. etc. with a sketch of Natal, Vol 2 by Isaacs, Nathaniel. London: E. Churton, 1836.]</scopeAndContent>
   <reproductionConditions>Creative Commons License: CC BY-NC-ND 

https://creativecommons.org/licenses/by-nc-nd/3.0/

Unless otherwise stated the copyright of all material on the FHYA resides with the contributing institution/custodian.</reproductionConditions>
   <event>
      <eventActor id="internal307">Five Hundred Year Archive</eventActor>
      <eventType>Online curation</eventType>
      <eventDate>2020 -</eventDate>
      <eventDescription>This copy was downloaded from the internet. No information of who digitised the book is available at this time</eventDescription>
   </event>
   <event>
      <eventActor id="internal327">London: E. Churton </eventActor>
      <eventType>Publication</eventType>
      <eventDate>1836</eventDate>
      <eventDescription></eventDescription>
   </event>
   <event>
      <eventActor id="internal328">Nathaniel Isaacs</eventActor>
      <eventType>Writing </eventType>
      <eventDate>[18-?]</eventDate>
      <eventDescription></eventDescription>
   </event>
   <view>
      <title>Travels and adventures in eastern Africa,vol.2</title>
      <file>FHYA%20Depot/Isaacs_Nathaniel_Travels_and_adventures_in_eastern_Africa_vol_2.pdf</file>
   </view>
</item>
