<item>
   <qubitParentSlug>fhya-depot</qubitParentSlug>
   <title>A general ethnographic survey of the AmaBhaca (East Griqualand)</title>
   <radGeneralMaterialDesignation>Textual record</radGeneralMaterialDesignation>
   <levelOfDescription>item</levelOfDescription>
   <scopeAndContent>[Source - Benathi Marufu for FHYA, 2020: A copy of Hammond-Tooke, W. D. Doctoral thesis titled A general ethnographic survey of the AmaBhaca (East Griqualand). University of Cape Town, 1950.]</scopeAndContent>
   <reproductionConditions>Creative Commons License: CC BY-NC-ND 

https://creativecommons.org/licenses/by-nc-nd/3.0/

Unless otherwise stated the copyright of all material on the FHYA resides with the contributing institution/custodian.</reproductionConditions>
   <event>
      <eventActor id="internal1">Five Hundred Year Archive (FHYA)</eventActor>
      <eventType>Online curation</eventType>
      <eventDate>2020 -</eventDate>
      <eventDescription>Digital copy from OpenUCT by the University of Cape town</eventDescription>
   </event>
   <event>
      <eventActor id="internal315">W. D. Hammond - Tooke</eventActor>
      <eventType>Writing </eventType>
      <eventDate>1950</eventDate>
      <eventDescription></eventDescription>
   </event>
   <view>
      <title>A general ethnographic survey of the AmaBhaca (East Griqualand)</title>
      <file>FHYA%20Depot/Saitowitz_19th_century_glass_trade_1990_1.pdf</file>
   </view>
</item>
