<?xml version="1.0" encoding="UTF-8"?>
<!--

    The contents of this file are subject to the license and copyright
    detailed in the LICENSE and NOTICE files at the root of the source
    tree and available online at

    http://www.dspace.org/license/

-->
<beans xmlns="http://www.springframework.org/schema/beans"
    xmlns:xsi="http://www.w3.org/2001/XMLSchema-instance"
    xmlns:context="http://www.springframework.org/schema/context"
    xsi:schemaLocation="http://www.springframework.org/schema/beans
           http://www.springframework.org/schema/beans/spring-beans-2.5.xsd
           http://www.springframework.org/schema/context
           http://www.springframework.org/schema/context/spring-context-2.5.xsd"
    default-autowire-candidates="*Service,*DAO,javax.sql.DataSource">

    <context:annotation-config /> <!-- allows us to use spring annotations in beans -->

	<bean class="org.dspace.app.sherpa.submit.SHERPASubmitConfigurationService"
		id="org.dspace.app.sherpa.submit.SHERPASubmitConfigurationService">
		<property name="issnItemExtractors">
			<list>
				<bean class="org.dspace.app.sherpa.submit.MetadataValueISSNExtractor">
					<property name="metadataList">
						<list>
							<value>dc.identifier.issn</value>
						</list>
					</property>
				</bean>
				<!-- Use the follow if you have the SHERPARoMEOJournalTitle enabled
				<bean class="org.dspace.app.sherpa.submit.MetadataAuthorityISSNExtractor">
					<property name="metadataList">
						<list>
							<value>dc.title.alternative</value>
						</list>
					</property>
				</bean>  -->
			</list>
		</property>	
	</bean>

</beans>
