<?xml version='1.0' encoding='utf-8'?>
<oai_dc:dc xmlns:dc="http://purl.org/dc/elements/1.1/" xmlns:oai_dc="http://www.openarchives.org/OAI/2.0/oai_dc/" xmlns:xsi="http://www.w3.org/2001/XMLSchema-instance" xsi:schemaLocation="http://www.openarchives.org/OAI/2.0/oai_dc/ http://www.openarchives.org/OAI/2.0/oai_dc.xsd">
  <dc:contributor>Five Hundred Year Archive</dc:contributor>
  <dc:contributor>Shuter and Shooter booksellers and stationers Pietermaritzburg</dc:contributor>
  <dc:contributor>P. A. Stuart</dc:contributor>
  <dc:creator>Benathi Marufu</dc:creator>
  <dc:date>2020-10-05</dc:date>
  <dc:description>http://emandulo.apc.uct.ac.za/collection/FHYA%20Depot/Stuart_P_A_Unkosibomvu.pdf</dc:description>
  <dc:format>text/xml</dc:format>
  <dc:identifier>http://emandulo.apc.uct.ac.za/metadata/FHYA Depot/25</dc:identifier>
  <dc:publisher>Benathi Marufu</dc:publisher>
  <dc:rights>Creative Commons License: CC BY-NC-ND 

https://creativecommons.org/licenses/by-nc-nd/3.0/

Unless otherwise stated the copyright of all material on the FHYA resides with the contributing institution/custodian.</dc:rights>
  <dc:source>[Source - Benathi Marufu for FHYA, 2020: A digital copy of the book UNkosibomvu. Izindaba zebutho elidala elaliyinsila yenkosi uTshinga owaqanjwa igama lokuthi nguNkosibomvu. Zilandwa ngu - P. A Stuart. Abakhiphi bamabuku Shuter &amp; Shooter booksellers and stationers Pietermaritzburg.]</dc:source>
  <dc:subject>fhya-depot</dc:subject>
  <dc:title>UNkosibomvu</dc:title>
  <dc:type>Textual record</dc:type>
</oai_dc:dc>
