<item>
   <qubitParentSlug>fhya-depot</qubitParentSlug>
   <title>UNkosibomvu</title>
   <radGeneralMaterialDesignation>Textual record</radGeneralMaterialDesignation>
   <levelOfDescription>item</levelOfDescription>
   <scopeAndContent>[Source - Benathi Marufu for FHYA, 2020: A digital copy of the book UNkosibomvu. Izindaba zebutho elidala elaliyinsila yenkosi uTshinga owaqanjwa igama lokuthi nguNkosibomvu. Zilandwa ngu - P. A Stuart. Abakhiphi bamabuku Shuter &amp; Shooter booksellers and stationers Pietermaritzburg.]</scopeAndContent>
   <reproductionConditions>Creative Commons License: CC BY-NC-ND 

https://creativecommons.org/licenses/by-nc-nd/3.0/

Unless otherwise stated the copyright of all material on the FHYA resides with the contributing institution/custodian.</reproductionConditions>
   <event>
      <eventActor id="internal307">Five Hundred Year Archive</eventActor>
      <eventType>Online curation</eventType>
      <eventDate>2020 -</eventDate>
      <eventDescription>Digital copy by the Five Hundred Year Archive</eventDescription>
   </event>
   <event>
      <eventActor id="internal341">Shuter and Shooter booksellers and stationers Pietermaritzburg</eventActor>
      <eventType>Publication</eventType>
      <eventDate>1938</eventDate>
      <eventDescription></eventDescription>
   </event>
   <event>
      <eventActor id="internal377">P. A. Stuart</eventActor>
      <eventType>Writing </eventType>
      <eventDate>[19-?]</eventDate>
      <eventDescription></eventDescription>
   </event>
   <view>
      <title>UNkosibomvu</title>
      <file>FHYA%20Depot/Stuart_P_A_Unkosibomvu.pdf</file>
   </view>
</item>
