<item>
   <qubitParentSlug>fhya-depot</qubitParentSlug>
   <title>Church of England Missions. Izindatyana zabantu kanye nezindaba zas&apos;eNatal</title>
   <radGeneralMaterialDesignation>Textual record</radGeneralMaterialDesignation>
   <levelOfDescription>item</levelOfDescription>
   <scopeAndContent>[Source - Benathi Marufu for FHYA, 2020: A digtised copy of John William Colenso&apos;s Church of England Missions. Izindatyana zabantu kanye nezindaba zas&apos;eNatal. Natal: May and Davis, eMgungundlovu. 1859.]</scopeAndContent>
   <reproductionConditions>Creative Commons License: CC BY-NC-ND  

https://creativecommons.org/licenses/by-nc-nd/3.0/

Unless otherwise stated the copyright of all material on the FHYA resides with the contributing institution/custodian.</reproductionConditions>
   <event>
      <eventActor id="internal1">Five Hundred Year Archive (FHYA)</eventActor>
      <eventType>Online curation</eventType>
      <eventDate>2020 -</eventDate>
      <eventDescription>Digitised by the google book project</eventDescription>
   </event>
   <event>
      <eventActor id="internal395">Natal: May and Davis, eMgungundlovu</eventActor>
      <eventType>Publication</eventType>
      <eventDate>1859</eventDate>
      <eventDescription></eventDescription>
   </event>
   <event>
      <eventActor id="internal396">John William Colenso</eventActor>
      <eventType>Writing</eventType>
      <eventDate>18-?</eventDate>
      <eventDescription></eventDescription>
   </event>
   <view>
      <title>Church of England Missions. Izindatyana zabantu kanye nezindaba zas&apos;eNatal</title>
      <file>FHYA%20Depot/Colenso_Church_of_England_missions_Izindatyana_z.pdf</file>
   </view>
</item>
