<item>
   <qubitParentSlug>fhya-depot</qubitParentSlug>
   <title>History of South Africa since September 1795 Vol III</title>
   <radGeneralMaterialDesignation>Textual record</radGeneralMaterialDesignation>
   <levelOfDescription>item</levelOfDescription>
   <scopeAndContent>[Source - Benathi Marufu for FHYA, 2020: A digital copy of the book History of South Africa since September 1795. Vol. III, by Theal, G.M. London, 1908.]</scopeAndContent>
   <reproductionConditions>Creative Commons License: CC BY-NC-ND 

https://creativecommons.org/licenses/by-nc-nd/3.0/

Unless otherwise stated the copyright of all material on the FHYA resides with the contributing institution/custodian.</reproductionConditions>
   <event>
      <eventActor id="internal307">Five Hundred Year Archive</eventActor>
      <eventType>Online curation</eventType>
      <eventDate>2020 -</eventDate>
      <eventDescription>Digitised by the Internet Archive in 2017 with funding from Princeton Theological Seminary Library</eventDescription>
   </event>
   <event>
      <eventActor id="internal349">Swan Sonnenschein and Co., Lim</eventActor>
      <eventType>Publication</eventType>
      <eventDate>1908</eventDate>
      <eventDescription></eventDescription>
   </event>
   <event>
      <eventActor id="internal350">G.M. Theal</eventActor>
      <eventType>Writing</eventType>
      <eventDate>[190-?]</eventDate>
      <eventDescription></eventDescription>
   </event>
   <view>
      <title>History of South Africa since September 1795 Vol III</title>
      <file>FHYA%20Depot/Theal_G_M_History_of_South_Africa_since_September_1795_vol_3.pdf</file>
   </view>
</item>
