<item>
   <qubitParentSlug>fhya-depot</qubitParentSlug>
   <title>Natal 1846-1851</title>
   <radGeneralMaterialDesignation>Textual record</radGeneralMaterialDesignation>
   <levelOfDescription>item</levelOfDescription>
   <scopeAndContent>[Source - Benathi Marufu for FHYA, 2020: A digital copy of John Bird&apos;s Natal 1846-1851. Natalia, The Journal of Society 1, no 1. (1971), 7-22.]</scopeAndContent>
   <reproductionConditions>Creative Commons License: CC BY-NC-ND 

https://creativecommons.org/licenses/by-nc-nd/3.0/

Unless otherwise stated the copyright of all material on the FHYA resides with the contributing institution/custodian.</reproductionConditions>
   <event>
      <eventActor id="internal1">Five Hundred Year Archive (FHYA)</eventActor>
      <eventType>Online curation</eventType>
      <eventDate>2020 -</eventDate>
      <eventDescription>Digital copy from Google Book Search Project</eventDescription>
   </event>
   <event>
      <eventActor id="internal310">P. Davis &amp; Sons</eventActor>
      <eventType>Publisher</eventType>
      <eventDate>1888</eventDate>
      <eventDescription></eventDescription>
   </event>
   <event>
      <eventActor id="internal311">John Bird </eventActor>
      <eventType>Writing</eventType>
      <eventDate>[18-?]</eventDate>
      <eventDescription></eventDescription>
   </event>
   <view>
      <title>Natal 1846-1851</title>
      <file>FHYA%20Depot/Bird_John_Natalia_v_01_article_p5_22_C.pdf</file>
   </view>
</item>
