<item>
   <qubitParentSlug>fhya-depot</qubitParentSlug>
   <title>Authoring Shaka: Models, Metaphors and Historiography</title>
   <radGeneralMaterialDesignation>Textual record</radGeneralMaterialDesignation>
   <levelOfDescription>item</levelOfDescription>
   <scopeAndContent>[Source - Benathi Marufu for FHYA, 2020: A digitised copy of Carolyn Hamilton&apos;s PhD thesis titled &apos;Authoring Shaka: models, metaphors and Historiography&apos;. John Hopkins University, 1993.]</scopeAndContent>
   <reproductionConditions>Creative Commons License: CC BY-NC-ND  

https://creativecommons.org/licenses/by-nc-nd/3.0/

Unless otherwise stated the copyright of all material on the FHYA resides with the contributing institution/custodian.</reproductionConditions>
   <event>
      <eventActor id="internal1">Five Hundred Year Archive (FHYA)</eventActor>
      <eventType>Online curation</eventType>
      <eventDate>2020 -</eventDate>
      <eventDescription>Digital copy by the Five Hundred Year Archive</eventDescription>
   </event>
   <event>
      <eventActor id="internal314">Carolyn Hamilton</eventActor>
      <eventType>Writing</eventType>
      <eventDate>1993</eventDate>
      <eventDescription></eventDescription>
   </event>
   <view>
      <title>Authoring Shaka: Models, Metaphors and Historiography</title>
      <file>FHYA%20Depot/Carolyn_Hamilton_Authoring_Shaka_Models_Metaphors_and_Historiography.pdf</file>
   </view>
</item>
