<item>
   <qubitParentSlug>fhya-depot</qubitParentSlug>
   <title>The Life of a South African Tribe. II. The Psychic Life</title>
   <radGeneralMaterialDesignation>Textual record</radGeneralMaterialDesignation>
   <levelOfDescription>item</levelOfDescription>
   <scopeAndContent>[Source - Benathi Marufu for FHYA, 2020: A digital copy of the book The Life of a South African Tribe. II. The Psychic Life by Junod, Henri Alexandre. Neuchâtel (Switzerland): Imprimerie Attinger Frères, 1913.]</scopeAndContent>
   <reproductionConditions>Creative Commons License: CC BY-NC-ND 

https://creativecommons.org/licenses/by-nc-nd/3.0/

Unless otherwise stated the copyright of all material on the FHYA resides with the contributing institution/custodian.</reproductionConditions>
   <event>
      <eventActor id="internal307">Five Hundred Year Archive</eventActor>
      <eventType>Online curation</eventType>
      <eventDate>2020 -</eventDate>
      <eventDescription>Digitised by the Internet Archive
in 2007 with funding from Microsoft Corporation</eventDescription>
   </event>
   <event>
      <eventActor id="internal329">Neuchâtel (Switzerland): Imprimerie Attinger Frères</eventActor>
      <eventType>Publication</eventType>
      <eventDate>1913</eventDate>
      <eventDescription></eventDescription>
   </event>
   <event>
      <eventActor id="internal330">Henri Alexandre Junod</eventActor>
      <eventType>Writing </eventType>
      <eventDate>[19-?]</eventDate>
      <eventDescription></eventDescription>
   </event>
   <view>
      <title>The Life of a South African Tribe. II. The Psychic Life</title>
      <file>FHYA%20Depot/Junod_Henri_Alexandre_The_Life_of_a_South_African_Tribe_II_The_Psychic_Life.pdf</file>
   </view>
</item>
