<item>
   <qubitParentSlug>fhya-depot</qubitParentSlug>
   <title>Economy and cosmology in the iron age of KwaZulu-Natal</title>
   <radGeneralMaterialDesignation>Textual record</radGeneralMaterialDesignation>
   <levelOfDescription>item</levelOfDescription>
   <scopeAndContent>[Source - Benathi Marufu for FHYA, 2020: A copy of Gavin, D. A. Whitelaw&apos;s doctoral thesis titled Economy and cosmology in the iron age of KwaZulu-Natal. University of the Witwatersrand, 2015.]</scopeAndContent>
   <reproductionConditions>Creative Commons License: CC BY-NC-ND 

https://creativecommons.org/licenses/by-nc-nd/3.0/

Unless otherwise stated the copyright of all material on the FHYA resides with the contributing institution/custodian.</reproductionConditions>
   <event>
      <eventActor id="internal1">Five Hundred Year Archive (FHYA)</eventActor>
      <eventType>Online curation</eventType>
      <eventDate>2020 -</eventDate>
      <eventDescription>Digital copy from the University of Witwatersrand</eventDescription>
   </event>
   <event>
      <eventActor id="internal316">Gavin, D. A. Whitelaw</eventActor>
      <eventType>Writing </eventType>
      <eventDate>2015</eventDate>
      <eventDescription></eventDescription>
   </event>
   <view>
      <title>Economy and cosmology in the iron age of KwaZulu-Natal</title>
      <file>FHYA%20Depot/Whitelaw_PhD.pdf</file>
   </view>
</item>
