<?xml version='1.0' encoding='utf-8'?>
<oai_dc:dc xmlns:dc="http://purl.org/dc/elements/1.1/" xmlns:oai_dc="http://www.openarchives.org/OAI/2.0/oai_dc/" xmlns:xsi="http://www.w3.org/2001/XMLSchema-instance" xsi:schemaLocation="http://www.openarchives.org/OAI/2.0/oai_dc/ http://www.openarchives.org/OAI/2.0/oai_dc.xsd">
  <dc:contributor>The New Digital Bleek and Lloyd Archive</dc:contributor>
  <dc:creator>Tamme (XII)</dc:creator>
  <dc:date>2020-10-05</dc:date>
  <dc:description>|xue kills people and makes other people who also kill people. |xue makes the people that he made vanish, and returns to his hut with his son. |xue's son is in the form of a bobo and |xue is a shao. |xue's son makes Bushmen and carries these Bushmen in his bag. |xue has made four Ovaherero who carry four guns, who he carries in a smaller bag. |xue is afraid of the 'many people' his son made and thinks they will kill him. |xue becomes a monkey and walks on the earth on his hands and feet. His son objects to his actions and tells him to walk properly. He says that |xue should not be afraid, because the !kun that he has made fear |xue. [It says 'to be continued' on page 9623v, but appears not to have been.] 1) p.9618v: Tamme heard this from his paternal grandfather (Nakka-|ne-||a), 2) This story is found in Book XI &amp; XII-8.</dc:description>
  <dc:format>text/xml</dc:format>
  <dc:identifier>http://pumbaa.cs.uct.ac.za/~balnew/metadata/stories/1056</dc:identifier>
  <dc:publisher>Lucy Lloyd</dc:publisher>
  <dc:rights>CC-BY-NC-ND</dc:rights>
  <dc:source>Lucy Lloyd</dc:source>
  <dc:subject>Lucy Lloyd !kun notebooks</dc:subject>
  <dc:title>|xue and his son</dc:title>
  <dc:type>story</dc:type>
</oai_dc:dc>
