<item type="story"><id>1056</id>
<collection>Lucy Lloyd !kun notebooks</collection>
<title>|xue and his son</title>
<summary>|xue kills people and makes other people who also kill people. |xue makes the people that he made vanish, and returns to his hut with his son. |xue&apos;s son is in the form of a <i>bobo</i> and |xue is a <i>shao</i>. |xue&apos;s son makes Bushmen and carries these Bushmen in his bag. |xue has made four Ovaherero who carry four guns, who he carries in a smaller bag. |xue is afraid of the &apos;many people&apos; his son made and thinks they will kill him. |xue becomes a monkey and walks on the earth on his hands and feet. His son objects to his actions and tells him to walk properly. He says that |xue should not be afraid, because the !kun that he has made fear |xue. [It says &apos;to be continued&apos; on page 9623v, but appears not to have been.]</summary><comments>1) p.9618v: Tamme heard this from his paternal grandfather (Nakka-|ne-||a), 2) This story is found in Book XI &amp; XII-8</comments><date>8 September 1880 (started)</date><storypages>9619-9623, 9623v</storypages><category>Transformation</category><category>Relations with others</category><author>Tamme (XII)</author><keyword><kw>|xue</kw><subkw>and his son</subkw></keyword>
<keyword><kw>|xue</kw><subkw>says &apos;Bushmen kill me, oh dear&apos;</subkw></keyword>
<keyword><kw>|xue</kw><subkw>his heart aches</subkw></keyword>
<keyword><kw>|xue</kw><subkw>people laugh at him and his dress</subkw></keyword>
<keyword><kw>|xue</kw><subkw>makes Ovaherero and carries them in a small bag</subkw></keyword>
<keyword><kw>|xue</kw><subkw>his son is a bobo</subkw></keyword>
<keyword><kw>|xue</kw><subkw>is a shao, a monkey, |xue</subkw></keyword>
<keyword><kw>|xue</kw><subkw>his son makes Bushmen</subkw></keyword>
<keyword><kw>|xue</kw><subkw>kills people</subkw></keyword>
<keyword><kw>|xue</kw><subkw>makes people vanish</subkw></keyword>
<keyword><kw>|xue</kw><subkw>makes people who kill other people</subkw></keyword>
<keyword><kw>|xue</kw><subkw>becomes, or works, many things</subkw></keyword>
<keyword><kw>|xue</kw><subkw>is feared by Bushmen</subkw></keyword>
<keyword><kw>|xue</kw><subkw>his son tells him not to fear Bushmen</subkw></keyword>
<keyword><kw>|xue</kw><subkw>fears the many Bushmen made by his son</subkw></keyword>
<keyword><kw>|xue</kw><subkw>his actions and doings</subkw></keyword>
<keyword><kw>|xue</kw><subkw>his transformations</subkw></keyword>
<keyword><kw>|xue</kw><subkw>wears a monkey&apos;s head front apron,  its tail, a back apron of monkey feet</subkw></keyword>
<keyword><kw>heart</kw><subkw>|xue&apos;s aches</subkw></keyword>
<keyword><kw>heart</kw><subkw>|xue and his son</subkw></keyword>
<keyword><kw>Ovaherero</kw><subkw>|xue makes and carries in a bag</subkw></keyword>
<keyword><kw>Ovaherero</kw><subkw>|xue and his son</subkw></keyword>
<keyword><kw>dress</kw><subkw>worn by people made by |xue&apos;s son</subkw></keyword>
<keyword><kw>dress</kw><subkw>worn by |xue</subkw></keyword>
<keyword><kw>dress</kw><subkw>Bushmen carry quivers and wear monkey skin front aprons</subkw></keyword>
<keyword><kw>dress</kw><subkw>|xue wears a monkey&apos;s head front apron,  its tail, a back apron of monkey feet</subkw></keyword>
<keyword><kw>dress</kw><subkw>|xue and his son</subkw></keyword>
<keyword><kw>|xue&apos;s son</kw><subkw>|xue and his son</subkw></keyword>
<keyword><kw>|xue&apos;s son</kw><subkw>makes many Bushmen who carry quivers and wear monkey skin front aprons</subkw></keyword>
<keyword><kw>|xue&apos;s son</kw><subkw>tells |xue not to fear Bushmen</subkw></keyword>
<keyword><kw>|xue&apos;s son</kw><subkw>tells |xue not to walk like a monkey</subkw></keyword>
<keyword><kw>|xue&apos;s son</kw><subkw>makes people and carries them in a large bag</subkw></keyword>
<keyword><kw>|xue&apos;s son</kw><subkw>is a bobo</subkw></keyword>
<keyword><kw>|xue&apos;s son</kw><subkw>his doings</subkw></keyword>
<keyword><kw>|xue&apos;s son</kw><subkw>works, or makes, things</subkw></keyword>
<keyword><kw>|xue&apos;s son</kw><subkw>&apos;worked making&apos; Bushmen</subkw></keyword>
<keyword><kw>|xue&apos;s son</kw><subkw>his transformations</subkw></keyword>
<keyword><kw>transformation</kw><subkw>of |xue</subkw></keyword>
<keyword><kw>transformation</kw><subkw>of |xue&apos;s son</subkw></keyword>
<keyword><kw>transformation</kw><subkw>|xue works, or makes, many things</subkw></keyword>
<keyword><kw>transformation</kw><subkw>|xue&apos;s son &apos;worked making&apos; Bushmen</subkw></keyword>
<keyword><kw>transformation</kw><subkw>|xue becomes different things</subkw></keyword>
<keyword><kw>transformation</kw><subkw>|xue son becomes different things</subkw></keyword>
<keyword><kw>transformation</kw><subkw>|xue&apos;s changes</subkw></keyword>
<keyword><kw>transformation</kw><subkw>|xue&apos;s son&apos;s changes</subkw></keyword>
<keyword><kw>transformation</kw><subkw>|xue&apos;s son is a bobo</subkw></keyword>
<keyword><kw>transformation</kw><subkw>|xue is a shao, a monkey, |xue</subkw></keyword>
<keyword><kw>plants</kw><subkw>bobo</subkw></keyword>
<keyword><kw>plants</kw><subkw>shao</subkw></keyword>
<keyword><kw>plants</kw><subkw>!kun names of</subkw></keyword>
<keyword><kw>names</kw><subkw>!kun, of plants</subkw></keyword>
<keyword><kw>names</kw><subkw>|xue and his son</subkw></keyword>
<keyword><kw>bag</kw><subkw>|xue&apos;s son&apos;s</subkw></keyword>
<keyword><kw>bag</kw><subkw>|xue&apos;s small</subkw></keyword>
<keyword><kw>bag</kw><subkw>|xue makes Ovaherero and carries them in a small</subkw></keyword>
<keyword><kw>bag</kw><subkw>|xue&apos;s son makes Bushmen and carries them in his</subkw></keyword>
<keyword><kw>guns</kw><subkw>carried by the Ovaherero made by |xue</subkw></keyword>
<keyword><kw>weapons</kw><subkw>of the people who kill other people made by |xue and his son</subkw></keyword>
<keyword><kw>weapons</kw><subkw>Ovaherero guns</subkw></keyword>
<keyword><kw>weapons</kw><subkw>quivers</subkw></keyword>
<keyword><kw>weapons</kw><subkw>|xue and his son</subkw></keyword>
<keyword><kw>son</kw><subkw>|xue and his</subkw></keyword>
<keyword><kw>monkey</kw><subkw>|xue becomes one and walks on the earth</subkw></keyword>
<keyword><kw>monkey</kw><subkw>-skin front aprons worn by Bushmen</subkw></keyword>
<keyword><kw>monkey</kw><subkw>-head front apron, tail, back apron of its feet worn by |xue</subkw></keyword>
<keyword><kw>monkey</kw><subkw>|xue and his son</subkw></keyword>
<keyword><kw>skin</kw><subkw>monkey, and !kun dress</subkw></keyword>
<keyword><kw>skin</kw><subkw>monkey- front aprons worn by !kun</subkw></keyword>
<keyword><kw>skin</kw><subkw>|xue and his son</subkw></keyword>

<page><file>A2_1_116_09619.JPG</file><book>BC_151_A2_1_116</book></page>
<page><file>A2_1_116_09620.JPG</file><book>BC_151_A2_1_116</book></page>
<page><file>A2_1_116_09621.JPG</file><book>BC_151_A2_1_116</book></page>
<page><file>A2_1_116_09622.JPG</file><book>BC_151_A2_1_116</book></page>
<page><file>A2_1_116_09623.JPG</file><book>BC_151_A2_1_116</book></page>
<page><file>A2_1_116_09624.JPG</file><book>BC_151_A2_1_116</book></page>
</item>
