<?xml version='1.0' encoding='utf-8'?>
<oai_dc:dc xmlns:dc="http://purl.org/dc/elements/1.1/" xmlns:oai_dc="http://www.openarchives.org/OAI/2.0/oai_dc/" xmlns:xsi="http://www.w3.org/2001/XMLSchema-instance" xsi:schemaLocation="http://www.openarchives.org/OAI/2.0/oai_dc/ http://www.openarchives.org/OAI/2.0/oai_dc.xsd">
  <dc:contributor>The New Digital Bleek and Lloyd Archive</dc:contributor>
  <dc:creator>|han=kass'o (Klein Jantje) (VIII)</dc:creator>
  <dc:date>2020-10-05</dc:date>
  <dc:description>Forms of Salutation used by Bushmen. By /han=kasso (L VIII.-32. 8853-8857, 8852 rev.). Men and women as well as the young and the old greet in different ways. There are expressions for saluting one another (called kuanna-i), and greetings made by people who are comfortable or not (and avoid saluting one another). 1) p.8853v: an example of a salutation or kuanna-i (a greeting), 2) This story is found in Book VIII-32.</dc:description>
  <dc:format>text/xml</dc:format>
  <dc:identifier>http://pumbaa.cs.uct.ac.za/~balnew/metadata/stories/936</dc:identifier>
  <dc:publisher>Lucy Lloyd</dc:publisher>
  <dc:rights>CC-BY-NC-ND</dc:rights>
  <dc:source>Lucy Lloyd</dc:source>
  <dc:subject>Lucy Lloyd |xam notebooks</dc:subject>
  <dc:title>Greetings among the Bushmen (and times of the day)</dc:title>
  <dc:type>story</dc:type>
</oai_dc:dc>
