<item type="story"><id>936</id>
<collection>Lucy Lloyd |xam notebooks</collection>
<title>Greetings among the Bushmen (and times of the day)</title>
<summary><i>Forms of Salutation used by Bushmen. By /han≠kass’o (L VIII.-32. 8853-8857, 8852 rev.).</i> Men and women as well as the young and the old greet in different ways. There are expressions for saluting one another (called <i>kuanna-i</i>), and greetings made by people who are comfortable or not (and avoid saluting one another).</summary><comments>1) p.8853v: an example of a salutation or <i>kuanna-i</i> (a greeting), 2) This story is found in Book VIII-32</comments><date>30 November 1879 (started)</date><storypages>8853-8857</storypages><category>Words and sentences</category><category>Custom and daily life</category><author>|han≠kass'o (Klein Jantje) (VIII)</author><keyword><kw>greetings</kw><subkw>and forms of salutation</subkw></keyword>
<keyword><kw>greetings</kw><subkw>&apos;saluting</subkw></keyword>
<keyword><kw>greetings</kw><subkw>used by those who are not comfortable</subkw></keyword>
<keyword><kw>greetings</kw><subkw>&apos;Oh Beast of Prey!&apos;</subkw></keyword>
<keyword><kw>greetings</kw><subkw>and responses to various</subkw></keyword>
<keyword><kw>greetings</kw><subkw>called kuanna-i</subkw></keyword>
<keyword><kw>greetings</kw><subkw>and times of day</subkw></keyword>
<keyword><kw>greetings</kw><subkw>said by men and woman</subkw></keyword>
<keyword><kw>greetings</kw><subkw>said by the young and the old</subkw></keyword>
<keyword><kw>greetings</kw><subkw>how people salute each other</subkw></keyword>
<keyword><kw>times of day</kw><subkw>expressions for</subkw></keyword>
<keyword><kw>times of day</kw><subkw>terms for different</subkw></keyword>
<keyword><kw>times of day</kw><subkw>and greetings at the different</subkw></keyword>
<keyword><kw>times of day</kw><subkw>morning</subkw></keyword>
<keyword><kw>times of day</kw><subkw>evening</subkw></keyword>
<keyword><kw>times of day</kw><subkw>night</subkw></keyword>
<keyword><kw>times of day</kw><subkw>day</subkw></keyword>
<keyword><kw>times of day</kw><subkw>midday</subkw></keyword>
<keyword><kw>times of day</kw><subkw>afternoon</subkw></keyword>
<keyword><kw>times of day</kw><subkw>among the |xam</subkw></keyword>
<keyword><kw>morning</kw><subkw>and greetings among the |xam</subkw></keyword>
<keyword><kw>morning</kw><subkw>&apos;It is the day&apos;s mouth&apos;</subkw></keyword>
<keyword><kw>morning</kw><subkw>&apos;The morning&apos;s mouth it is&apos;</subkw></keyword>
<keyword><kw>evening</kw><subkw>and greetings at</subkw></keyword>
<keyword><kw>evening</kw><subkw>&apos;This is just the time of the sunset&apos;</subkw></keyword>
<keyword><kw>evening</kw><subkw>&apos;It is the mouth of coolness&apos;</subkw></keyword>
<keyword><kw>evening</kw><subkw>&apos;It is coolness&apos;</subkw></keyword>
<keyword><kw>night</kw><subkw>and greetings among the |xam</subkw></keyword>
<keyword><kw>night</kw><subkw>&apos;It is earliness&apos;</subkw></keyword>
<keyword><kw>night</kw><subkw>&apos;It is darkness&apos;</subkw></keyword>
<keyword><kw>night</kw><subkw>&apos;darkness&apos;s back&apos;s insides&apos;</subkw></keyword>
<keyword><kw>midday</kw><subkw>and greetings among the |xam</subkw></keyword>
<keyword><kw>midday</kw><subkw>&apos;The noon&apos;s middle it is&apos;</subkw></keyword>
<keyword><kw>midday</kw><subkw>&apos;It is the side of afternoon&apos;</subkw></keyword>
<keyword><kw>afternoon</kw><subkw>and greetings among the |xam</subkw></keyword>
<keyword><kw>afternoon</kw><subkw>&apos;It is afternoon&apos;s mouth&apos;</subkw></keyword>
<keyword><kw>afternoon</kw><subkw>&apos;It is the side of afternoon&apos;</subkw></keyword>
<keyword><kw>names</kw><subkw>greetings called kuanna-i</subkw></keyword>
<keyword><kw>names</kw><subkw>used for the different times of the day</subkw></keyword>
<keyword><kw>salutation</kw><subkw>and greetings among the |xam</subkw></keyword>
<keyword><kw>salutation</kw><subkw>according to times of the day</subkw></keyword>
<keyword><kw>salutation</kw><subkw>used by those who are not comfortable</subkw></keyword>

<page><file>A2_1_107_08853.JPG</file><book>BC_151_A2_1_107</book></page>
<page><file>A2_1_107_08854.JPG</file><book>BC_151_A2_1_107</book></page>
<page><file>A2_1_107_08855.JPG</file><book>BC_151_A2_1_107</book></page>
<page><file>A2_1_107_08856.JPG</file><book>BC_151_A2_1_107</book></page>
<page><file>A2_1_107_08857.JPG</file><book>BC_151_A2_1_107</book></page>
</item>
