<item>
   <qubitParentSlug>fhya-depot</qubitParentSlug>
   <title>Relation d’un voyage d’exploration au nord-est de la Colonie du Cape de Bonne-Espérance, entrepris dans le mois de mars, avril et mai 1836 par Mm</title>
   <radGeneralMaterialDesignation>Textual record</radGeneralMaterialDesignation>
   <levelOfDescription>item</levelOfDescription>
   <scopeAndContent>[Source - Benathi Marufu for FHYA, 2020: A digital copy of Arbousset, Thomas, Relation d’un voyage d’exploration au nord-est de la Colonie du Cape de Bonne-Espérance, entrepris dans le mois de mars, avril et mai 1836 par Mm. T. Arbousset et F. Daumas. Paris: Arthus Bertrand, 1842.]

[Source - Ettore Morelli for FHYA, 2020: A digitised copy of the book published by the French missionary Thomas Arbousset in 1842, covering the travels he and François Daumas undertook in 1836 in the regions surrounding the Caledon Valley, in modern Lesotho and Free State Province. The book was first published in French. This edition contains lithographies and a map; this digital copy does not include the map and some pages are missing. No complete copy has been found online yet.]</scopeAndContent>
   <reproductionConditions>Creative Commons License: CC BY-NC-ND  

https://creativecommons.org/licenses/by-nc-nd/3.0/

Unless otherwise stated the copyright of all material on the FHYA resides with the contributing institution/custodian.</reproductionConditions>
   <event>
      <eventActor id="internal1">Five Hundred Year Archive (FHYA)</eventActor>
      <eventType>Online Curation</eventType>
      <eventDate>2020</eventDate>
      <eventDescription>Digital copy from Google search book</eventDescription>
   </event>
   <event>
      <eventActor id="internal2">Google Books</eventActor>
      <eventType>Online Archiving</eventType>
      <eventDate>[20-?]</eventDate>
      <eventDescription></eventDescription>
   </event>
   <event>
      <eventActor id="internal7">The Library of the University of California</eventActor>
      <eventType>Digitisation</eventType>
      <eventDate>[20-?]</eventDate>
      <eventDescription></eventDescription>
   </event>
   <event>
      <eventActor id="internal8">Willard E. Loeb</eventActor>
      <eventType>Library Holding</eventType>
      <eventDate>[19-?]</eventDate>
      <eventDescription></eventDescription>
   </event>
   <event>
      <eventActor id="internal9">Arthus Bertrand</eventActor>
      <eventType>Publication</eventType>
      <eventDate>1842</eventDate>
      <eventDescription></eventDescription>
   </event>
   <event>
      <eventActor id="internal6">Thomas Arbousset</eventActor>
      <eventType>Writing</eventType>
      <eventDate>1838-1840</eventDate>
      <eventDescription></eventDescription>
   </event>
   <view>
      <title>Relation d’un voyage d’exploration au nord-est de la Colonie du Cape de Bonne-Espérance, entrepris dans le mois de mars, avril et mai 1836 par Mm</title>
      <file>FHYA%20Depot/uMgungundlovu/Arbousset_Daumas_Relation_d_un_voyage_d_exploration_dans_la_Colonie_du_Cap_en_1836_1842.pdf</file>
   </view>
</item>
