<?xml version='1.0' encoding='utf-8'?>
<oai_dc:dc xmlns:dc="http://purl.org/dc/elements/1.1/" xmlns:oai_dc="http://www.openarchives.org/OAI/2.0/oai_dc/" xmlns:xsi="http://www.w3.org/2001/XMLSchema-instance" xsi:schemaLocation="http://www.openarchives.org/OAI/2.0/oai_dc/ http://www.openarchives.org/OAI/2.0/oai_dc.xsd">
  <dc:contributor>Five Hundred Year Archive (FHYA)</dc:contributor>
  <dc:contributor>Google Books</dc:contributor>
  <dc:contributor>The Library of the University of California</dc:contributor>
  <dc:contributor>Willard E. Loeb</dc:contributor>
  <dc:contributor>Arthus Bertrand</dc:contributor>
  <dc:contributor>Thomas Arbousset</dc:contributor>
  <dc:creator>Benathi Marufu</dc:creator>
  <dc:date>2020-10-05</dc:date>
  <dc:description>http://emandulo.apc.uct.ac.za/collection/FHYA%20Depot/uMgungundlovu/Arbousset_Daumas_Relation_d_un_voyage_d_exploration_dans_la_Colonie_du_Cap_en_1836_1842.pdf</dc:description>
  <dc:format>text/xml</dc:format>
  <dc:identifier>http://emandulo.apc.uct.ac.za/metadata/FHYA Depot/69</dc:identifier>
  <dc:publisher>Benathi Marufu</dc:publisher>
  <dc:rights>Creative Commons License: CC BY-NC-ND  

https://creativecommons.org/licenses/by-nc-nd/3.0/

Unless otherwise stated the copyright of all material on the FHYA resides with the contributing institution/custodian.</dc:rights>
  <dc:source>[Source - Benathi Marufu for FHYA, 2020: A digital copy of Arbousset, Thomas, Relation dun voyage dexploration au nord-est de la Colonie du Cape de Bonne-Esperance, entrepris dans le mois de mars, avril et mai 1836 par Mm. T. Arbousset et F. Daumas. Paris: Arthus Bertrand, 1842.]

[Source - Ettore Morelli for FHYA, 2020: A digitised copy of the book published by the French missionary Thomas Arbousset in 1842, covering the travels he and Francois Daumas undertook in 1836 in the regions surrounding the Caledon Valley, in modern Lesotho and Free State Province. The book was first published in French. This edition contains lithographies and a map; this digital copy does not include the map and some pages are missing. No complete copy has been found online yet.]</dc:source>
  <dc:subject>fhya-depot</dc:subject>
  <dc:title>Relation dun voyage dexploration au nord-est de la Colonie du Cape de Bonne-Esperance, entrepris dans le mois de mars, avril et mai 1836 par Mm</dc:title>
  <dc:type>Textual record</dc:type>
</oai_dc:dc>
