<item>
   <qubitParentSlug>fhya-depot</qubitParentSlug>
   <title>Population and political systems in Tropical Africa</title>
   <radGeneralMaterialDesignation>Textual record</radGeneralMaterialDesignation>
   <levelOfDescription>item</levelOfDescription>
   <scopeAndContent>[Source - Benathi Marufu for FHYA, 2020: A digital copy of the book Population and political systems in Tropical Africa by R. F. Stevenson. Columbia University Press. New York and London 19687.]</scopeAndContent>
   <reproductionConditions>Creative Commons License: CC BY-NC-ND 

https://creativecommons.org/licenses/by-nc-nd/3.0/

Unless otherwise stated the copyright of all material on the FHYA resides with the contributing institution/custodian.</reproductionConditions>
   <event>
      <eventActor id="internal307">Five Hundred Year Archive</eventActor>
      <eventType>Online curation</eventType>
      <eventDate>2020 -</eventDate>
      <eventDescription>Digital copy by the Five Hundred Year Archive</eventDescription>
   </event>
   <event>
      <eventActor id="internal368">Columbia University Press</eventActor>
      <eventType>Publication</eventType>
      <eventDate>1968</eventDate>
      <eventDescription></eventDescription>
   </event>
   <event>
      <eventActor id="internal369">R. F. Stevenson</eventActor>
      <eventType>Writing </eventType>
      <eventDate>[196-?]</eventDate>
      <eventDescription></eventDescription>
   </event>
   <view>
      <title>Population and political systems in Tropical Africa</title>
      <file>FHYA%20Depot/Stevenson_R_F_Population_and_Political_systems_in_Tropical_Africa.pdf</file>
   </view>
</item>
