<item>
   <qubitParentSlug>fhya-depot</qubitParentSlug>
   <title>Olden Times in Zululand and Natal, containing earlier political history of the Eastern Nguni Clans.</title>
   <radGeneralMaterialDesignation>Textual record</radGeneralMaterialDesignation>
   <levelOfDescription>item</levelOfDescription>
   <scopeAndContent>[Source - Benathi Marufu for FHYA, 2020: A digital copy of Bryant, Alfred Thomas&apos;s Olden Times in Zululand and Natal, containing earlier political history of the Eastern Nguni Clans. London: Longmans, Green &amp; Co, 1929.]</scopeAndContent>
   <reproductionConditions>Creative Commons License: CC BY-NC-ND  

https://creativecommons.org/licenses/by-nc-nd/3.0/

Unless otherwise stated the copyright of all material on the FHYA resides with the contributing institution/custodian.</reproductionConditions>
   <event>
      <eventActor id="internal1">Five Hundred Year Archive (FHYA)</eventActor>
      <eventType>Online curation</eventType>
      <eventDate>2020</eventDate>
      <eventDescription>Digital copy by the FHYA in 2018</eventDescription>
   </event>
   <event>
      <eventActor id="internal31">Longmans, Green and Company</eventActor>
      <eventType>Publication</eventType>
      <eventDate>1929</eventDate>
      <eventDescription></eventDescription>
   </event>
   <event>
      <eventActor id="internal32">Alfred Thomas Bryant</eventActor>
      <eventType>Writing </eventType>
      <eventDate>[1929?]</eventDate>
      <eventDescription></eventDescription>
   </event>
   <view>
      <title>Olden Times in Zululand and Natal, containing earlier political history of the Eastern Nguni Clans.</title>
      <file>FHYA%20Depot/uMgungundlovu/Bryant_A_T_Olden_Times_in_Zululand_and_Natal_containing_Earlier_Political_History_of_the_Eastern_Nguni_Clans.pdf</file>
   </view>
</item>
