<item>
   <qubitParentSlug>fhya-depot</qubitParentSlug>
   <title>Ideology, oral traditions and the struggle for power in the early Zulu Kingdom</title>
   <radGeneralMaterialDesignation>Textual record</radGeneralMaterialDesignation>
   <levelOfDescription>item</levelOfDescription>
   <scopeAndContent>[Source - Benathi Marufu for FHYA, 2020: A copy of Carolyn Hamilton&apos;s Masters thesis titled Ideology, oral traditions and the struggle for power in the early Zulu Kingdom. University of Witwatersrand, Johannesburg, 1985.]</scopeAndContent>
   <reproductionConditions>Creative Commons License: CC BY-NC-ND 

https://creativecommons.org/licenses/by-nc-nd/3.0/

Unless otherwise stated the copyright of all material on the FHYA resides with the contributing institution/custodian.</reproductionConditions>
   <event>
      <eventActor id="internal1">Five Hundred Year Archive (FHYA)</eventActor>
      <eventType>Online curation</eventType>
      <eventDate>2020 -</eventDate>
      <eventDescription>Digital copy from the University of Witwatersrand</eventDescription>
   </event>
   <event>
      <eventActor id="internal314">Carolyn Hamilton</eventActor>
      <eventType>Writing </eventType>
      <eventDate>1985</eventDate>
      <eventDescription></eventDescription>
   </event>
   <view>
      <title>Ideology, oral traditions and the struggle for power in the early Zulu Kingdom</title>
      <file>FHYA%20Depot/Hamilton_C.pdf</file>
   </view>
</item>
