<item>
   <qubitParentSlug>fhya-depot</qubitParentSlug>
   <title>Myths &amp; Legends of the Bantu</title>
   <radGeneralMaterialDesignation>Textual record</radGeneralMaterialDesignation>
   <levelOfDescription>item</levelOfDescription>
   <scopeAndContent>[Source - Benathi Marufu for FHYA, 2020: A digital copy of the book Myths and Legends of the Bantu by Alice Werner D.Lit (Lond.) with thirty-two illustrations from Photographs. London. George G. Harra &amp; Co. Ltd. Bombay &amp; Sydney.]</scopeAndContent>
   <reproductionConditions>Creative Commons License: CC BY-NC-ND 

https://creativecommons.org/licenses/by-nc-nd/3.0/

Unless otherwise stated the copyright of all material on the FHYA resides with the contributing institution/custodian.</reproductionConditions>
   <event>
      <eventActor id="internal307">Five Hundred Year Archive</eventActor>
      <eventType>Online curation</eventType>
      <eventDate>2020 -</eventDate>
      <eventDescription>Digital copy by the Five Hundred Year Archive</eventDescription>
   </event>
   <event>
      <eventActor id="internal359">George G. Harrap and Co. LTD</eventActor>
      <eventType>Publication</eventType>
      <eventDate>1932</eventDate>
      <eventDescription></eventDescription>
   </event>
   <event>
      <eventActor id="internal360">Alice Werner</eventActor>
      <eventType>Writing </eventType>
      <eventDate>[193-?]</eventDate>
      <eventDescription></eventDescription>
   </event>
   <view>
      <title>Myths &amp; Legends of the Bantu</title>
      <file>FHYA%20Depot/Werner_Alice_Myths_and_Legends_of_the_BAntu.pdf</file>
   </view>
</item>
