<item>
   <qubitParentSlug>fhya-depot</qubitParentSlug>
   <title>The Diary of the Rev. Francis Owen</title>
   <radGeneralMaterialDesignation>Textual record</radGeneralMaterialDesignation>
   <levelOfDescription>item</levelOfDescription>
   <scopeAndContent>[Source - Benathi Marufu for FHYA, 2020: A digital copy of Owen, Francis, Joseph Kirkman, and Richard Brangan Hulley&apos;s The Diary of the Rev. Francis Owen, MA: Missionary with Dingaan in 1837-38, Together with Extracts from the Writings of the Interpreters in Zulu, Messrs Hulley and Kirkman, edited by Cory, George Edward. Cape Town: The Van Riebeeck Society, 1926.]</scopeAndContent>
   <reproductionConditions>Creative Commons License: CC BY-NC-ND  

https://creativecommons.org/licenses/by-nc-nd/3.0/

Unless otherwise stated the copyright of all material on the FHYA resides with the contributing institution/custodian.</reproductionConditions>
   <event>
      <eventActor id="internal1">Five Hundred Year Archive (FHYA)</eventActor>
      <eventType>Online curation</eventType>
      <eventDate>2020</eventDate>
      <eventDescription>Digital copy by the FHYA in 2019</eventDescription>
   </event>
   <event>
      <eventActor id="internal46">The Van Riebeeck Society</eventActor>
      <eventType>Publication</eventType>
      <eventDate>1926</eventDate>
      <eventDescription></eventDescription>
   </event>
   <event>
      <eventActor id="internal47">George Edward Cory</eventActor>
      <eventType>Editing</eventType>
      <eventDate>1926</eventDate>
      <eventDescription></eventDescription>
   </event>
   <event>
      <eventActor id="internal48">Richard Brangan Hulley</eventActor>
      <eventType>Writing</eventType>
      <eventDate>1837-1838</eventDate>
      <eventDescription></eventDescription>
   </event>
   <event>
      <eventActor id="internal49">Joseph Kirkman</eventActor>
      <eventType>Writing</eventType>
      <eventDate>1837-1838</eventDate>
      <eventDescription></eventDescription>
   </event>
   <event>
      <eventActor id="internal50">Francis Owen</eventActor>
      <eventType>Writing</eventType>
      <eventDate>1837-1838</eventDate>
      <eventDescription></eventDescription>
   </event>
   <view>
      <title>The Diary of the Rev. Francis Owen</title>
      <file>FHYA%20Depot/uMgungundlovu/Owen_F_and_G_E_Cory_ed_1926_The_Diary_of_the_Rev_Francis_Owen.pdf</file>
   </view>
</item>
