<?xml version='1.0' encoding='utf-8'?>
<oai_dc:dc xmlns:dc="http://purl.org/dc/elements/1.1/" xmlns:oai_dc="http://www.openarchives.org/OAI/2.0/oai_dc/" xmlns:xsi="http://www.w3.org/2001/XMLSchema-instance" xsi:schemaLocation="http://www.openarchives.org/OAI/2.0/oai_dc/ http://www.openarchives.org/OAI/2.0/oai_dc.xsd">
  <dc:contributor>Five Hundred Year Archive (FHYA)</dc:contributor>
  <dc:contributor>The Van Riebeeck Society</dc:contributor>
  <dc:contributor>George Edward Cory</dc:contributor>
  <dc:contributor>Richard Brangan Hulley</dc:contributor>
  <dc:contributor>Joseph Kirkman</dc:contributor>
  <dc:contributor>Francis Owen</dc:contributor>
  <dc:creator>Benathi Marufu</dc:creator>
  <dc:date>2020-10-05</dc:date>
  <dc:description>http://emandulo.apc.uct.ac.za/collection/FHYA%20Depot/uMgungundlovu/Owen_F_and_G_E_Cory_ed_1926_The_Diary_of_the_Rev_Francis_Owen.pdf</dc:description>
  <dc:format>text/xml</dc:format>
  <dc:identifier>http://emandulo.apc.uct.ac.za/metadata/FHYA Depot/86</dc:identifier>
  <dc:publisher>Benathi Marufu</dc:publisher>
  <dc:rights>Creative Commons License: CC BY-NC-ND  

https://creativecommons.org/licenses/by-nc-nd/3.0/

Unless otherwise stated the copyright of all material on the FHYA resides with the contributing institution/custodian.</dc:rights>
  <dc:source>[Source - Benathi Marufu for FHYA, 2020: A digital copy of Owen, Francis, Joseph Kirkman, and Richard Brangan Hulley's The Diary of the Rev. Francis Owen, MA: Missionary with Dingaan in 1837-38, Together with Extracts from the Writings of the Interpreters in Zulu, Messrs Hulley and Kirkman, edited by Cory, George Edward. Cape Town: The Van Riebeeck Society, 1926.]</dc:source>
  <dc:subject>fhya-depot</dc:subject>
  <dc:title>The Diary of the Rev. Francis Owen</dc:title>
  <dc:type>Textual record</dc:type>
</oai_dc:dc>
