<item>
   <qubitParentSlug>fhya-depot</qubitParentSlug>
   <title>The Natal Papers</title>
   <radGeneralMaterialDesignation>Textual record</radGeneralMaterialDesignation>
   <levelOfDescription>item</levelOfDescription>
   <scopeAndContent>[Source - Benathi Marufu for FHYA, 2020: A digital copy of the book The Natal papers. A reprint of all notices and public documents connected with that territory including a description of the country and a history of events from 1498 to 1843 in two part by John Centlivres Chase. Facsimile reprint. Cape Town, C. Struik (PTY) LTD 1968.]</scopeAndContent>
   <reproductionConditions>Creative Commons License: CC BY-NC-ND 

https://creativecommons.org/licenses/by-nc-nd/3.0/

Unless otherwise stated the copyright of all material on the FHYA resides with the contributing institution/custodian.</reproductionConditions>
   <event>
      <eventActor id="internal1">Five Hundred Year Archive (FHYA)</eventActor>
      <eventType>Online curation</eventType>
      <eventDate>2020 -</eventDate>
      <eventDescription>Digital copy by the Five Hundred Year Archive</eventDescription>
   </event>
   <event>
      <eventActor id="internal342">C. Struik (PTY) LTD</eventActor>
      <eventType>Publication</eventType>
      <eventDate>1968</eventDate>
      <eventDescription></eventDescription>
   </event>
   <event>
      <eventActor id="internal370">John Centlivers Chase</eventActor>
      <eventType>Writing </eventType>
      <eventDate>[196-?]</eventDate>
      <eventDescription></eventDescription>
   </event>
   <view>
      <title>The Natal Papers</title>
      <file>FHYA%20Depot/Chase_J_C_TheNatalPapers.pdf</file>
   </view>
</item>
