<?xml version='1.0' encoding='utf-8'?>
<oai_dc:dc xmlns:dc="http://purl.org/dc/elements/1.1/" xmlns:oai_dc="http://www.openarchives.org/OAI/2.0/oai_dc/" xmlns:xsi="http://www.w3.org/2001/XMLSchema-instance" xsi:schemaLocation="http://www.openarchives.org/OAI/2.0/oai_dc/ http://www.openarchives.org/OAI/2.0/oai_dc.xsd">
  <dc:contributor>Five Hundred Year Archive (FHYA)</dc:contributor>
  <dc:contributor>Mariannhill Natal: Mission Press</dc:contributor>
  <dc:contributor>Alfred, T. Bryant</dc:contributor>
  <dc:creator>Benathi Marufu</dc:creator>
  <dc:date>2020-10-05</dc:date>
  <dc:description>http://emandulo.apc.uct.ac.za/collection/FHYA%20Depot/Bryant_A_T_A_Zulu_English_Dictionary_most.pdf</dc:description>
  <dc:format>text/xml</dc:format>
  <dc:identifier>http://emandulo.apc.uct.ac.za/metadata/FHYA Depot/55</dc:identifier>
  <dc:publisher>Benathi Marufu</dc:publisher>
  <dc:rights>Creative Commons License: CC BY-NC-ND  

https://creativecommons.org/licenses/by-nc-nd/3.0/

Unless otherwise stated the copyright of all material on the FHYA resides with the contributing institution/custodian.</dc:rights>
  <dc:source>[Source - Benathi Marufu for eMandulo, 2020: A digital copy of Bryant, Alfred Thoms's, A Zulu-English Dictionary with Notes on Pronunciation: A Revised Orthography and Derivations and Cognate Words from Many Languages; Including Also a Vocabulary of Hlonipa Words, Tribal-Names, Etc., a Synopsis of Zulu Grammar and a Concise History of the Zulu People from the Most Ancient Times. Mariannhill Natal: Mission Press, 1905.]</dc:source>
  <dc:subject>fhya-depot</dc:subject>
  <dc:title>A Zulu-English Dictionary with notes on pronunciation, a revised orthography and derivations and cognate words from many languages; including also a vocabulary of Hlonipa words, tribal names etc., a synopsis of Zulu grammar and a concise history of the Zulu people from the most ancient times.</dc:title>
  <dc:type>Textual record</dc:type>
</oai_dc:dc>
