<item>
   <qubitParentSlug>fhya-depot</qubitParentSlug>
   <title>A Zulu-English Dictionary with notes on pronunciation, a revised orthography and derivations and cognate words from many languages; including also a vocabulary of Hlonipa words, tribal names etc., a synopsis of Zulu grammar and a concise history of the Zulu people from the most ancient times.</title>
   <radGeneralMaterialDesignation>Textual record</radGeneralMaterialDesignation>
   <levelOfDescription>item</levelOfDescription>
   <scopeAndContent>[Source - Benathi Marufu for eMandulo, 2020: A digital copy of Bryant, Alfred Thoms&apos;s, A Zulu-English Dictionary with Notes on Pronunciation: A Revised Orthography and Derivations and Cognate Words from Many Languages; Including Also a Vocabulary of Hlonipa Words, Tribal-Names, Etc., a Synopsis of Zulu Grammar and a Concise History of the Zulu People from the Most Ancient Times. Mariannhill Natal: Mission Press, 1905.]</scopeAndContent>
   <reproductionConditions>Creative Commons License: CC BY-NC-ND  

https://creativecommons.org/licenses/by-nc-nd/3.0/

Unless otherwise stated the copyright of all material on the FHYA resides with the contributing institution/custodian.</reproductionConditions>
   <event>
      <eventActor id="internal1">Five Hundred Year Archive (FHYA)</eventActor>
      <eventType>Online curation</eventType>
      <eventDate>2020 -</eventDate>
      <eventDescription>Digitised by the Internet Archive
in 2008 with funding from Microsoft Corporation</eventDescription>
   </event>
   <event>
      <eventActor id="internal379"> Mariannhill Natal: Mission Press</eventActor>
      <eventType>Publication</eventType>
      <eventDate>1905</eventDate>
      <eventDescription></eventDescription>
   </event>
   <event>
      <eventActor id="internal380">Alfred, T. Bryant</eventActor>
      <eventType>Writing</eventType>
      <eventDate>190-?</eventDate>
      <eventDescription></eventDescription>
   </event>
   <view>
      <title>A Zulu-English Dictionary with notes on pronunciation, a revised orthography and derivations and cognate words from many languages; including also a vocabulary of Hlonipa words, tribal names etc., a synopsis of Zulu grammar and a concise history of the Zulu people from the most ancient times.</title>
      <file>FHYA%20Depot/Bryant_A_T_A_Zulu_English_Dictionary_most.pdf</file>
   </view>
</item>
