<item>
   <qubitParentSlug>fhya-depot</qubitParentSlug>
   <title>The last Zulu King. The life and death of Cetshwayo</title>
   <radGeneralMaterialDesignation>Textual record</radGeneralMaterialDesignation>
   <levelOfDescription>item</levelOfDescription>
   <scopeAndContent>[Source - Benathi Marufu for FHYA, 2020: A digital copy of the book The last Zulu King. The life and death of cetshwayo by C. T. Binns. Published by Longmans, 1963.]</scopeAndContent>
   <reproductionConditions>Creative Commons License: CC BY-NC-ND 

https://creativecommons.org/licenses/by-nc-nd/3.0/

Unless otherwise stated the copyright of all material on the FHYA resides with the contributing institution/custodian.</reproductionConditions>
   <event>
      <eventActor id="internal1">Five Hundred Year Archive (FHYA)</eventActor>
      <eventType>Online curation</eventType>
      <eventDate>2020 -</eventDate>
      <eventDescription>Digital copy by the Five Hundred Year Archive</eventDescription>
   </event>
   <event>
      <eventActor id="internal372">Longmans</eventActor>
      <eventType>Publication</eventType>
      <eventDate>1963</eventDate>
      <eventDescription></eventDescription>
   </event>
   <event>
      <eventActor id="internal378">C. T. Binns</eventActor>
      <eventType>Writing</eventType>
      <eventDate>[196-?]</eventDate>
      <eventDescription></eventDescription>
   </event>
   <view>
      <title>The last Zulu King. The life and death of Cetshwayo</title>
      <file>FHYA%20Depot/Binns_C_T_The_Last_Zulu_King.pdf</file>
   </view>
</item>
