<item>
   <qubitParentSlug>fhya-depot</qubitParentSlug>
   <title>Nursery Tales, Traditions, and Histories of the Zulus, in their own words, with a translation into english, and notes</title>
   <radGeneralMaterialDesignation>Textual record</radGeneralMaterialDesignation>
   <levelOfDescription>item</levelOfDescription>
   <scopeAndContent>[Source - Benathi Marufu for FHYA, 2020: A digital copy of the book Nursery Tales, Traditions, and Histories of the Zulus, in their own words, with a translation into english, and notes. by Callaway, Rev. C. Natal: John A. Blair, Springvale; Davis and sons, Pietermaritzburg. London: Trubner and co., 60, Paternoster Row. 1868.]</scopeAndContent>
   <reproductionConditions>Creative Commons License: CC BY-NC-ND 

https://creativecommons.org/licenses/by-nc-nd/3.0/

Unless otherwise stated the copyright of all material on the FHYA resides with the contributing institution/custodian.</reproductionConditions>
   <event>
      <eventActor id="internal307">Five Hundred Year Archive</eventActor>
      <eventType>Online curation</eventType>
      <eventDate>2020 -</eventDate>
      <eventDescription>This copy was downloaded from the internet. No information of who digitised the book is available at this time</eventDescription>
   </event>
   <event>
      <eventActor id="internal352">Springvale; Davis and sons, Pietermaritzburg</eventActor>
      <eventType>Publication</eventType>
      <eventDate>1868</eventDate>
      <eventDescription></eventDescription>
   </event>
   <event>
      <eventActor id="internal353">Rev. C. Callaway</eventActor>
      <eventType>Writing </eventType>
      <eventDate>[186-?]</eventDate>
      <eventDescription></eventDescription>
   </event>
   <view>
      <title>Nursery Tales, Traditions, and Histories of the Zulus, in their own words, with a translation into english, and notes</title>
      <file>FHYA%20Depot/Rev_Callaway_Nursery_Tales_Traditions_and_Histories_ofthe_Zulu.pdf</file>
   </view>
</item>
