<item>
   <qubitParentSlug>fhya-depot</qubitParentSlug>
   <title>Colonial Rites: Custom, Marriage Law and the Making of difference in Natal, 1830s - c.1910</title>
   <radGeneralMaterialDesignation>Textual record</radGeneralMaterialDesignation>
   <levelOfDescription>item</levelOfDescription>
   <scopeAndContent>[Source - Benathi Marufu for FHYA, 2020: A copy of Nafisa Essop Sheik&apos;s doctoral thesis titled Colonial Rites: Custom, Marriage Law and the Making of difference in Natal, 1830s - c.1910.]</scopeAndContent>
   <reproductionConditions>Creative Commons License: CC BY-NC-ND 

https://creativecommons.org/licenses/by-nc-nd/3.0/

Unless otherwise stated the copyright of all material on the FHYA resides with the contributing institution/custodian.</reproductionConditions>
   <event>
      <eventActor id="internal1">Five Hundred Year Archive (FHYA)</eventActor>
      <eventType>Online curation</eventType>
      <eventDate>2020 -</eventDate>
      <eventDescription>Digital copy from Deep Blue - a University of Michigan&apos;s permanent, safe, and accessible service for representing rich intellectual community</eventDescription>
   </event>
   <event>
      <eventActor id="internal319">Nafisa Essop Sheik</eventActor>
      <eventType>Writing </eventType>
      <eventDate>2012</eventDate>
      <eventDescription></eventDescription>
   </event>
   <view>
      <title>Colonial Rites: Custom, Marriage Law and the Making of difference in Natal, 1830s - c.1910</title>
      <file>FHYA%20Depot/Sheik_thesis.pdf</file>
   </view>
</item>
