<item>
   <qubitParentSlug>fhya-depot</qubitParentSlug>
   <title>Nje-Nempela</title>
   <radGeneralMaterialDesignation>Textual record</radGeneralMaterialDesignation>
   <levelOfDescription>item</levelOfDescription>
   <scopeAndContent>[Source - Benathi Marufu for FHYA, 2020: A digital copy of the book Nje-Nempela ngu B. Wallet Vilakazi, M. A. (RAND) department of Bantu Studies Witwatersrand University. Marianhill Mission Press, Marianhill, Natal 1944.]</scopeAndContent>
   <reproductionConditions>Creative Commons License: CC BY-NC-ND 

https://creativecommons.org/licenses/by-nc-nd/3.0/

Unless otherwise stated the copyright of all material on the FHYA resides with the contributing institution/custodian.</reproductionConditions>
   <event>
      <eventActor id="internal307">Five Hundred Year Archive</eventActor>
      <eventType>Online curation</eventType>
      <eventDate>2020 -</eventDate>
      <eventDescription>Digital copy by the Five Hundred Year Archive</eventDescription>
   </event>
   <event>
      <eventActor id="internal345">Marianhill Mission Press</eventActor>
      <eventType>Publication</eventType>
      <eventDate>1944</eventDate>
      <eventDescription></eventDescription>
   </event>
   <event>
      <eventActor id="internal346">B. Wallet Vilakazi</eventActor>
      <eventType>Writing </eventType>
      <eventDate>[194-?]</eventDate>
      <eventDescription></eventDescription>
   </event>
   <view>
      <title>Nje-Nempela</title>
      <file>FHYA%20Depot/Vilakazi_B_Wallet_Nje_Nempela.pdf</file>
   </view>
</item>
