<item>
   <qubitParentSlug>fhya-depot</qubitParentSlug>
   <title>Biographical Notice on the life, conversation and death of Manoah, member of the Church of the Thaba-Bossiu, among the Béchuanas-Bassoutos (South Africa), 1843.” Translated by Morelli, Ettore</title>
   <radGeneralMaterialDesignation>Textual record</radGeneralMaterialDesignation>
   <levelOfDescription>item</levelOfDescription>
   <scopeAndContent>[Source - Benathi Marufu for FHYA, 2020: A digital copy of Casalis, Eugène&apos;s “Biographical Notice on the life, conversation and death of Manoah, member of the Church of the Thaba-Bossiu, among the Béchuanas-Bassoutos (South Africa), 1843.” Translated by Morelli, Ettore. Unpublished transcript sourced from the Bibliothèque Nationale de France, translation prepared for the Archive and Public Culture research initiative, 2020 [1843].]

[Source - Ettore Morelli for FHYA, 2020: A working translation into English of the French text of the obituary by Eugène Casalis, commemorating Entouta Manoah]</scopeAndContent>
   <reproductionConditions>Creative Commons License: CC BY-NC-ND  

https://creativecommons.org/licenses/by-nc-nd/3.0/

Unless otherwise stated the copyright of all material on the FHYA resides with the contributing institution/custodian.</reproductionConditions>
   <event>
      <eventActor id="internal1">Five Hundred Year Archive (FHYA)</eventActor>
      <eventType>Online curation</eventType>
      <eventDate>2020</eventDate>
      <eventDescription></eventDescription>
   </event>
   <event>
      <eventActor id="internal24">Bibliothèque Nationale de France</eventActor>
      <eventType>Digitisation</eventType>
      <eventDate>[YYYY]</eventDate>
      <eventDescription></eventDescription>
   </event>
   <event>
      <eventActor id="internal25">Morelli Ettore</eventActor>
      <eventType>Translation</eventType>
      <eventDate>2020</eventDate>
      <eventDescription>translation prepared for the Archive and Public Culture research initiative in 2020</eventDescription>
   </event>
   <event>
      <eventActor id="internal13">Casalis, Eugène</eventActor>
      <eventType>Writing</eventType>
      <eventDate>[184-?]</eventDate>
      <eventDescription></eventDescription>
   </event>
   <view>
      <title>Biographical Notice on the life, conversation and death of Manoah, member of the Church of the Thaba-Bossiu, among the Béchuanas-Bassoutos (South Africa), 1843.” Translated by Morelli, Ettore</title>
      <file>FHYA%20Depot/uMgungundlovu/Casalis_Notice_Biographique_Translation_En_1843.pdf</file>
   </view>
</item>
