<?xml version='1.0' encoding='utf-8'?>
<oai_dc:dc xmlns:dc="http://purl.org/dc/elements/1.1/" xmlns:oai_dc="http://www.openarchives.org/OAI/2.0/oai_dc/" xmlns:xsi="http://www.w3.org/2001/XMLSchema-instance" xsi:schemaLocation="http://www.openarchives.org/OAI/2.0/oai_dc/ http://www.openarchives.org/OAI/2.0/oai_dc.xsd">
  <dc:contributor>Five Hundred Year Archive (FHYA)</dc:contributor>
  <dc:contributor>Bibliotheque Nationale de France</dc:contributor>
  <dc:contributor>Morelli Ettore</dc:contributor>
  <dc:contributor>Casalis, Eugene</dc:contributor>
  <dc:creator>Benathi Marufu</dc:creator>
  <dc:date>2020-10-05</dc:date>
  <dc:description>http://emandulo.apc.uct.ac.za/collection/FHYA%20Depot/uMgungundlovu/Casalis_Notice_Biographique_Translation_En_1843.pdf</dc:description>
  <dc:format>text/xml</dc:format>
  <dc:identifier>http://emandulo.apc.uct.ac.za/metadata/FHYA Depot/77</dc:identifier>
  <dc:publisher>Benathi Marufu</dc:publisher>
  <dc:rights>Creative Commons License: CC BY-NC-ND  

https://creativecommons.org/licenses/by-nc-nd/3.0/

Unless otherwise stated the copyright of all material on the FHYA resides with the contributing institution/custodian.</dc:rights>
  <dc:source>[Source - Benathi Marufu for FHYA, 2020: A digital copy of Casalis, Eugene's Biographical Notice on the life, conversation and death of Manoah, member of the Church of the Thaba-Bossiu, among the Bechuanas-Bassoutos (South Africa), 1843. Translated by Morelli, Ettore. Unpublished transcript sourced from the Bibliotheque Nationale de France, translation prepared for the Archive and Public Culture research initiative, 2020 [1843].]

[Source - Ettore Morelli for FHYA, 2020: A working translation into English of the French text of the obituary by Eugene Casalis, commemorating Entouta Manoah]</dc:source>
  <dc:subject>fhya-depot</dc:subject>
  <dc:title>Biographical Notice on the life, conversation and death of Manoah, member of the Church of the Thaba-Bossiu, among the Bechuanas-Bassoutos (South Africa), 1843. Translated by Morelli, Ettore</dc:title>
  <dc:type>Textual record</dc:type>
</oai_dc:dc>
