<?xml version='1.0' encoding='utf-8'?>
<oai_dc:dc xmlns:dc="http://purl.org/dc/elements/1.1/" xmlns:oai_dc="http://www.openarchives.org/OAI/2.0/oai_dc/" xmlns:xsi="http://www.w3.org/2001/XMLSchema-instance" xsi:schemaLocation="http://www.openarchives.org/OAI/2.0/oai_dc/ http://www.openarchives.org/OAI/2.0/oai_dc.xsd">
  <dc:contributor>Five Hundred Year Archive (FHYA)</dc:contributor>
  <dc:contributor>Shuter and Shooter Publishers (Pty) Ltd</dc:contributor>
  <dc:contributor>Alfred Thomas Bryant</dc:contributor>
  <dc:creator>Benathi Marufu</dc:creator>
  <dc:date>2020-10-05</dc:date>
  <dc:description>http://emandulo.apc.uct.ac.za/collection/FHYA%20Depot/uMgungundlovu/Bryant_A_T_The_Zulu_People_as_they_were_before_the_White_Man_came_1949.pdf</dc:description>
  <dc:format>text/xml</dc:format>
  <dc:identifier>http://emandulo.apc.uct.ac.za/metadata/FHYA Depot/79</dc:identifier>
  <dc:publisher>Benathi Marufu</dc:publisher>
  <dc:rights>Creative Commons License: CC BY-NC-ND  

https://creativecommons.org/licenses/by-nc-nd/3.0/

Unless otherwise stated the copyright of all material on the FHYA resides with the contributing institution/custodian.</dc:rights>
  <dc:source>[Source - Benathi Marufu for FHYA, 2020: A digital copy of Bryant, Alfred Thomas's The Zulu People: As They Were Before the White Man Came. Pietermaritzburg, South Africa: Shuter and Shooter, 1949.]</dc:source>
  <dc:subject>fhya-depot</dc:subject>
  <dc:title>The Zulu People: As They Were Before the White Man Came</dc:title>
  <dc:type>Textual record</dc:type>
</oai_dc:dc>
