<item>
   <qubitParentSlug>fhya-depot</qubitParentSlug>
   <title>The Zulu People: As They Were Before the White Man Came</title>
   <radGeneralMaterialDesignation>Textual record</radGeneralMaterialDesignation>
   <levelOfDescription>item</levelOfDescription>
   <scopeAndContent>[Source - Benathi Marufu for FHYA, 2020: A digital copy of Bryant, Alfred Thomas&apos;s The Zulu People: As They Were Before the White Man Came. Pietermaritzburg, South Africa: Shuter and Shooter, 1949.]</scopeAndContent>
   <reproductionConditions>Creative Commons License: CC BY-NC-ND  

https://creativecommons.org/licenses/by-nc-nd/3.0/

Unless otherwise stated the copyright of all material on the FHYA resides with the contributing institution/custodian.</reproductionConditions>
   <event>
      <eventActor id="internal1">Five Hundred Year Archive (FHYA)</eventActor>
      <eventType>Online curation</eventType>
      <eventDate>2020</eventDate>
      <eventDescription>Digital copy by the FHYA in 2018</eventDescription>
   </event>
   <event>
      <eventActor id="internal29">Shuter and Shooter Publishers (Pty) Ltd</eventActor>
      <eventType>Publication</eventType>
      <eventDate>1949</eventDate>
      <eventDescription></eventDescription>
   </event>
   <event>
      <eventActor id="internal30">Alfred Thomas Bryant </eventActor>
      <eventType>Writing </eventType>
      <eventDate>[1949?]</eventDate>
      <eventDescription></eventDescription>
   </event>
   <view>
      <title>The Zulu People: As They Were Before the White Man Came</title>
      <file>FHYA%20Depot/uMgungundlovu/Bryant_A_T_The_Zulu_People_as_they_were_before_the_White_Man_came_1949.pdf</file>
   </view>
</item>
