<?xml version='1.0' encoding='utf-8'?>
<oai_dc:dc xmlns:dc="http://purl.org/dc/elements/1.1/" xmlns:oai_dc="http://www.openarchives.org/OAI/2.0/oai_dc/" xmlns:xsi="http://www.w3.org/2001/XMLSchema-instance" xsi:schemaLocation="http://www.openarchives.org/OAI/2.0/oai_dc/ http://www.openarchives.org/OAI/2.0/oai_dc.xsd">
  <dc:contributor>The New Digital Bleek and Lloyd Archive</dc:contributor>
  <dc:creator>!nanni (XI)</dc:creator>
  <dc:creator>Tamme (XII)</dc:creator>
  <dc:date>2020-10-05</dc:date>
  <dc:description>The !kun terms for people who are intelligent (their thoughts are not absent) and foolish (their thoughts are wanting). 1) This story is found in Book XI &amp; XII-10.</dc:description>
  <dc:format>text/xml</dc:format>
  <dc:identifier>http://pumbaa.cs.uct.ac.za/~balnew/metadata/stories/1069</dc:identifier>
  <dc:publisher>Lucy Lloyd</dc:publisher>
  <dc:rights>CC-BY-NC-ND</dc:rights>
  <dc:source>Lucy Lloyd</dc:source>
  <dc:subject>Lucy Lloyd !kun notebooks</dc:subject>
  <dc:title>Intelligent and foolish people</dc:title>
  <dc:type>story</dc:type>
</oai_dc:dc>
