<item>
   <qubitParentSlug>fhya-depot</qubitParentSlug>
   <title>The Basutos; or Twenty-three Years in South Africa</title>
   <radGeneralMaterialDesignation>Textual Record</radGeneralMaterialDesignation>
   <levelOfDescription>item</levelOfDescription>
   <scopeAndContent>[Source - Ettore Morelli for FHYA, 2020: A digitised copy of the book published by the French missionary Eugène Casalis, being the translation of the book about his life in Lesotho published in French two years before. As for the French edition, note that the book was published during the wars between Lesotho and the Republic of the Orange Free State. It appears that the translation was done by Casalis himself. The book contains lithographies and a map,  included in this digital copy.]</scopeAndContent>
   <reproductionConditions>Creative Commons License: CC BY-NC-ND  

https://creativecommons.org/licenses/by-nc-nd/3.0/

Unless otherwise stated the copyright of all material on the FHYA resides with the contributing institution/custodian.</reproductionConditions>
   <event>
      <eventActor id="internal1">Five Hundred Year Archive (FHYA)</eventActor>
      <eventType>Online Curation</eventType>
      <eventDate>2020</eventDate>
      <eventDescription></eventDescription>
   </event>
   <event>
      <eventActor id="internal10">Archive.org</eventActor>
      <eventType>Online Archiving</eventType>
      <eventDate>2013</eventDate>
      <eventDescription></eventDescription>
   </event>
   <event>
      <eventActor id="internal11">Smithsonian Libraries</eventActor>
      <eventType>Digitisation</eventType>
      <eventDate>2013</eventDate>
      <eventDescription></eventDescription>
   </event>
   <event>
      <eventActor id="internal11">Smithsonian Libraries</eventActor>
      <eventType>Library Holding</eventType>
      <eventDate>19-</eventDate>
      <eventDescription></eventDescription>
   </event>
   <event>
      <eventActor id="internal14">James Nisbet &amp; Co.</eventActor>
      <eventType>Publication</eventType>
      <eventDate>1861</eventDate>
      <eventDescription></eventDescription>
   </event>
   <event>
      <eventActor id="internal13">Eugène Casalis</eventActor>
      <eventType>Translation</eventType>
      <eventDate>1861</eventDate>
      <eventDescription></eventDescription>
   </event>
   <event>
      <eventActor id="internal13">Eugène Casalis</eventActor>
      <eventType>Writing</eventType>
      <eventDate>1833-1859</eventDate>
      <eventDescription></eventDescription>
   </event>
   <view>
      <title>The Basutos; or Twenty-three Years in South Africa</title>
      <file>FHYA%20Depot/uMgungundlovu/Casalis_The_Basuto_1861.pdf</file>
   </view>
</item>
