<?xml version='1.0' encoding='utf-8'?>
<oai_dc:dc xmlns:dc="http://purl.org/dc/elements/1.1/" xmlns:oai_dc="http://www.openarchives.org/OAI/2.0/oai_dc/" xmlns:xsi="http://www.w3.org/2001/XMLSchema-instance" xsi:schemaLocation="http://www.openarchives.org/OAI/2.0/oai_dc/ http://www.openarchives.org/OAI/2.0/oai_dc.xsd">
  <dc:contributor>Five Hundred Year Archive (FHYA)</dc:contributor>
  <dc:contributor>Archive.org</dc:contributor>
  <dc:contributor>Princeton Theological Seminary Library</dc:contributor>
  <dc:contributor>Princeton Theological Seminary Library</dc:contributor>
  <dc:contributor>J.J. Risler Libraire</dc:contributor>
  <dc:contributor>Societe des Missions evangeliques de Paris</dc:contributor>
  <dc:creator>Ettore Morelli</dc:creator>
  <dc:date>2020-10-05</dc:date>
  <dc:description>http://emandulo.apc.uct.ac.za/collection/FHYA%20Depot/uMgungundlovu/Journal_des_Missions_Evangeliques_11_1836.pdf</dc:description>
  <dc:format>text/xml</dc:format>
  <dc:identifier>http://emandulo.apc.uct.ac.za/metadata/FHYA Depot/74</dc:identifier>
  <dc:publisher>Ettore Morelli</dc:publisher>
  <dc:rights>Creative Commons License: CC BY-NC-ND  

https://creativecommons.org/licenses/by-nc-nd/3.0/

Unless otherwise stated the copyright of all material on the FHYA resides with the contributing institution/custodian.</dc:rights>
  <dc:source>[Source - Ettore Morelli for FHYA, 2020: A digitised copy of the French missionary periodical 'Journal des Missions evangeliques', 11 (1836). Note: contains the 1836 map of the route to uMgungundlovu and south-eastern Africa by Thomas Arbousset, included in this digital copy between pages 320 and 321]</dc:source>
  <dc:subject>fhya-depot</dc:subject>
  <dc:title>Journal des Missions evangeliques, onzieme annee, 1836</dc:title>
  <dc:type>Textual record</dc:type>
</oai_dc:dc>
