<item>
   <qubitParentSlug>fhya-depot</qubitParentSlug>
   <title>Noma Nini</title>
   <radGeneralMaterialDesignation>Textual record</radGeneralMaterialDesignation>
   <levelOfDescription>item</levelOfDescription>
   <scopeAndContent>[Source - Benathi Marufu for FHYA, 2020: A digital copy of the book Noma Nini ngu B. Wallet Vilakazi, B. A. (S. A) umlobi wenkondlo kaZulu. Yacindelelwa emshinini was&apos;emhlathuzane Marianhill, Natal. Isethiulo: Lencwadi ngiyethula kuMbongeno noSiphiwe: Amadodana kaNomasomi.]</scopeAndContent>
   <reproductionConditions>Creative Commons License: CC BY-NC-ND 

https://creativecommons.org/licenses/by-nc-nd/3.0/

Unless otherwise stated the copyright of all material on the FHYA resides with the contributing institution/custodian.</reproductionConditions>
   <event>
      <eventActor id="internal307">Five Hundred Year Archive</eventActor>
      <eventType>Online curation</eventType>
      <eventDate>2020 -</eventDate>
      <eventDescription>Digital copy by the Five Hundred Year Archive</eventDescription>
   </event>
   <event>
      <eventActor id="internal345">Marianhill Mission Press</eventActor>
      <eventType>Publication</eventType>
      <eventDate>1935</eventDate>
      <eventDescription></eventDescription>
   </event>
   <event>
      <eventActor id="internal346">B. Wallet Vilakazi</eventActor>
      <eventType>Writing </eventType>
      <eventDate>[193-?]</eventDate>
      <eventDescription></eventDescription>
   </event>
   <view>
      <title>Noma Nini</title>
      <file>FHYA%20Depot/Vilakazi_B_W_Noma_Nini.pdf</file>
   </view>
</item>
