<collection>
   <item type="item">1</item>
   <item type="item">2</item>
   <item type="item">3</item>
   <item type="item">4</item>
   <item type="item">5</item>
   <item type="item">6</item>
   <item type="item">7</item>
   <item type="item">8</item>
   <item type="item">9</item>
   <item type="item">10</item>
   <item type="item">11</item>
   <item type="item">12</item>
   <item type="item">13</item>
   <item type="item">14</item>
   <item type="item">15</item>
   <item type="item">16</item>
   <item type="item">17</item>
   <item type="item">18</item>
   <item type="item">19</item>
   <item type="item">20</item>
   <item type="item">21</item>
   <item type="item">22</item>
   <item type="item">23</item>
   <item type="item">24</item>
   <item type="item">25</item>
   <item type="item">26</item>
   <item type="item">27</item>
   <item type="item">28</item>
   <item type="item">29</item>
   <item type="item">30</item>
   <item type="item">31</item>
   <item type="item">32</item>
   <item type="item">33</item>
   <item type="item">34</item>
   <item type="item">35</item>
   <item type="item">36</item>
   <item type="item">37</item>
   <item type="item">38</item>
   <item type="item">39</item>
   <item type="item">40</item>
   <item type="item">41</item>
   <item type="item">42</item>
   <item type="item">43</item>
   <item type="item">44</item>
   <item type="item">45</item>
   <item type="item">46</item>
   <item type="item">47</item>
   <item type="item">48</item>
   <item type="item">49</item>
   <item type="item">50</item>
   <item type="item">51</item>
   <item type="item">52</item>
   <item type="item">53</item>
   <item type="item">54</item>
   <item type="item">55</item>
   <item type="item">56</item>
   <item type="item">57</item>
   <item type="item">58</item>
   <item type="item">59</item>
   <item type="item">60</item>
   <item type="item">61</item>
   <item type="item">62</item>
   <item type="item">63</item>
   <item type="item">64</item>
   <item type="item">65</item>
   <item type="item">66</item>
   <item type="item">67</item>
   <item type="item">68</item>
   <item type="item">69</item>
   <item type="item">70</item>
   <item type="item">71</item>
   <item type="item">72</item>
   <item type="item">73</item>
   <item type="item">74</item>
   <item type="item">75</item>
   <item type="item">76</item>
   <item type="item">77</item>
   <item type="item">78</item>
   <item type="item">79</item>
   <item type="item">80</item>
   <item type="item">81</item>
   <item type="item">82</item>
   <item type="item">83</item>
   <item type="item">84</item>
   <item type="item">85</item>
   <item type="item">86</item>
   <item type="item">87</item>
   <level>2</level>
</collection>
