<item>
   <qubitParentSlug>fhya-depot</qubitParentSlug>
   <title>Records of South-Eastern Africa collected in various libraries and archive departments in Europe, Vol II</title>
   <radGeneralMaterialDesignation>Textual record</radGeneralMaterialDesignation>
   <levelOfDescription>item</levelOfDescription>
   <scopeAndContent>[Source - Benathi Marufu for FHYA, 2020: A digital copy of the book Records of South-Eastern Africa collected in various Libraries and Archive departments in Europe by Theal, G.M. Printed for the government of the Cape colony, 1898.]</scopeAndContent>
   <reproductionConditions>Creative Commons License: CC BY-NC-ND 

https://creativecommons.org/licenses/by-nc-nd/3.0/

Unless otherwise stated the copyright of all material on the FHYA resides with the contributing institution/custodian.</reproductionConditions>
   <event>
      <eventActor id="internal307">Five Hundred Year Archive</eventActor>
      <eventType>Online curation</eventType>
      <eventDate>2020 -</eventDate>
      <eventDescription>Digitised by the Library of the University of California Los Angeles</eventDescription>
   </event>
   <event>
      <eventActor id="internal351">William Clowes and sons, Limited</eventActor>
      <eventType>Publication</eventType>
      <eventDate>1898</eventDate>
      <eventDescription></eventDescription>
   </event>
   <event>
      <eventActor id="internal350">G.M. Theal</eventActor>
      <eventType>Writing</eventType>
      <eventDate>[189-?]</eventDate>
      <eventDescription></eventDescription>
   </event>
   <view>
      <title>Records of South-Eastern Africa collected in various libraries and archive departments in Europe, Vol II</title>
      <file>FHYA%20Depot/Theal_G_M_Records_of_South_Eastern_Africa_collected_in_various_libraries_and_archive_departments_in_Europe_Vol_II.pdf</file>
   </view>
</item>
