<item>
   <qubitParentSlug>fhya-depot</qubitParentSlug>
   <title>Later Annals of Natal</title>
   <radGeneralMaterialDesignation>Textual record</radGeneralMaterialDesignation>
   <levelOfDescription>item</levelOfDescription>
   <scopeAndContent>[Source - Benathi Marufu for FHYA, 2020: A digital copy of the book Later Annals of Natal. Compiled and edited by Alan F. Hattersley. M.A. Longmans, Green and Co. London + New York + Toronto. First Published 1938.]</scopeAndContent>
   <reproductionConditions>Creative Commons License: CC BY-NC-ND 

https://creativecommons.org/licenses/by-nc-nd/3.0/

Unless otherwise stated the copyright of all material on the FHYA resides with the contributing institution/custodian.</reproductionConditions>
   <event>
      <eventActor id="internal307">Five Hundred Year Archive</eventActor>
      <eventType>Online curation</eventType>
      <eventDate>2020 -</eventDate>
      <eventDescription>Digital copy by the Five Hundred Year Archive</eventDescription>
   </event>
   <event>
      <eventActor id="internal364">Longmans, Green and Co.</eventActor>
      <eventType>Publication</eventType>
      <eventDate>1938</eventDate>
      <eventDescription></eventDescription>
   </event>
   <event>
      <eventActor id="internal365">Alan F. Hattersley</eventActor>
      <eventType>Editing</eventType>
      <eventDate>[193-?]</eventDate>
      <eventDescription></eventDescription>
   </event>
   <view>
      <title>Later Annals of Natal</title>
      <file>FHYA%20Depot/Hattersley_M_A_Later_Annals_ofNatal.pdf</file>
   </view>
</item>
