<?xml version='1.0' encoding='utf-8'?>
<oai_dc:dc xmlns:dc="http://purl.org/dc/elements/1.1/" xmlns:oai_dc="http://www.openarchives.org/OAI/2.0/oai_dc/" xmlns:xsi="http://www.w3.org/2001/XMLSchema-instance" xsi:schemaLocation="http://www.openarchives.org/OAI/2.0/oai_dc/ http://www.openarchives.org/OAI/2.0/oai_dc.xsd">
  <dc:contributor>Five Hundred Year Archive (FHYA)</dc:contributor>
  <dc:contributor>Google Books</dc:contributor>
  <dc:contributor>New York Public Library</dc:contributor>
  <dc:contributor>A.S. Robertson and Saul Solomon and Company</dc:contributor>
  <dc:contributor>John Crumbie Brown</dc:contributor>
  <dc:contributor>Thomas Arbousset</dc:contributor>
  <dc:creator>Benathi Marufu</dc:creator>
  <dc:date>2020-10-05</dc:date>
  <dc:description>http://emandulo.apc.uct.ac.za/collection/FHYA%20Depot/uMgungundlovu/Arbousset_Narrative_of_an_Exploratory_Tour_ofthe_Nort_East_of_the_Colony_ofthe_Cape_of_Good_Hope_1846.pdf</dc:description>
  <dc:format>text/xml</dc:format>
  <dc:identifier>http://emandulo.apc.uct.ac.za/metadata/FHYA Depot/68</dc:identifier>
  <dc:publisher>Benathi Marufu</dc:publisher>
  <dc:rights>Creative Commons License: CC BY-NC-ND  

https://creativecommons.org/licenses/by-nc-nd/3.0/

Unless otherwise stated the copyright of all material on the FHYA resides with the contributing institution/custodian.</dc:rights>
  <dc:source>[Source - Benathi Marufu for FHYA, 2020: A digital copy of Arbousset, Thomas, Narrative of An Exploratory Tour North-East of the Colony of the Cape of Good Hope by the Revs. T. Arbousset and F. Daumas, translated by Brown, John Croumbie. Cape Town: A. S. Robertson and Saul Solomon, 1846 [1842].]

[Source - Ettore Morelli for FHYA, 2020: A digitised copy of the book published by the French missionary Thomas Arbousset in 1846, being the first translation in English of the 1842 French edition. This edition did not include lithographies and it is unclear if it included the map; this copy does not include the map.]</dc:source>
  <dc:subject>fhya-depot</dc:subject>
  <dc:title>Narrative of an Exploratory Tour of the North East of the Colony of the Cape of Good Hope</dc:title>
  <dc:type>Textual record</dc:type>
</oai_dc:dc>
