<item>
   <qubitParentSlug>fhya-depot</qubitParentSlug>
   <title>Narrative of an Exploratory Tour of the North East of the Colony of the Cape of Good Hope</title>
   <radGeneralMaterialDesignation>Textual record</radGeneralMaterialDesignation>
   <levelOfDescription>item</levelOfDescription>
   <scopeAndContent>[Source - Benathi Marufu for FHYA, 2020: A digital copy of Arbousset, Thomas, Narrative of An Exploratory Tour North-East of the Colony of the Cape of Good Hope by the Revs. T. Arbousset and F. Daumas, translated by Brown, John Croumbie. Cape Town: A. S. Robertson and Saul Solomon, 1846 [1842].]

[Source - Ettore Morelli for FHYA, 2020: A digitised copy of the book published by the French missionary Thomas Arbousset in 1846, being the first translation in English of the 1842 French edition. This edition did not include lithographies and it is unclear if it included the map; this copy does not include the map.]</scopeAndContent>
   <reproductionConditions>Creative Commons License: CC BY-NC-ND  

https://creativecommons.org/licenses/by-nc-nd/3.0/

Unless otherwise stated the copyright of all material on the FHYA resides with the contributing institution/custodian.</reproductionConditions>
   <event>
      <eventActor id="internal1">Five Hundred Year Archive (FHYA)</eventActor>
      <eventType>Online curation</eventType>
      <eventDate>2020</eventDate>
      <eventDescription>Digital copy from Google search book</eventDescription>
   </event>
   <event>
      <eventActor id="internal2">Google Books</eventActor>
      <eventType>Digitisation</eventType>
      <eventDate>[20-?]</eventDate>
      <eventDescription></eventDescription>
   </event>
   <event>
      <eventActor id="internal3">New York Public Library</eventActor>
      <eventType>Library Holding</eventType>
      <eventDate>[19-?]</eventDate>
      <eventDescription></eventDescription>
   </event>
   <event>
      <eventActor id="internal4">A.S. Robertson and Saul Solomon and Company</eventActor>
      <eventType>Publication</eventType>
      <eventDate>1846</eventDate>
      <eventDescription></eventDescription>
   </event>
   <event>
      <eventActor id="internal5">John Crumbie Brown</eventActor>
      <eventType>Translation</eventType>
      <eventDate>1846</eventDate>
      <eventDescription></eventDescription>
   </event>
   <event>
      <eventActor id="internal6">Thomas Arbousset</eventActor>
      <eventType>Writing</eventType>
      <eventDate>1838-1840</eventDate>
      <eventDescription></eventDescription>
   </event>
   <view>
      <title>Narrative of an Exploratory Tour of the North East of the Colony of the Cape of Good Hope</title>
      <file>FHYA%20Depot/uMgungundlovu/Arbousset_Narrative_of_an_Exploratory_Tour_ofthe_Nort_East_of_the_Colony_ofthe_Cape_of_Good_Hope_1846.pdf</file>
   </view>
</item>
