<?xml version='1.0' encoding='utf-8'?>
<oai_dc:dc xmlns:dc="http://purl.org/dc/elements/1.1/" xmlns:oai_dc="http://www.openarchives.org/OAI/2.0/oai_dc/" xmlns:xsi="http://www.w3.org/2001/XMLSchema-instance" xsi:schemaLocation="http://www.openarchives.org/OAI/2.0/oai_dc/ http://www.openarchives.org/OAI/2.0/oai_dc.xsd">
  <dc:contributor>The New Digital Bleek and Lloyd Archive</dc:contributor>
  <dc:creator>Wilhelm Bleek</dc:creator>
  <dc:date>2020-10-05</dc:date>
  <dc:description>Blank pages in the notebook.</dc:description>
  <dc:format>text/xml</dc:format>
  <dc:identifier>http://pumbaa.cs.uct.ac.za/~balnew/metadata/stories/61</dc:identifier>
  <dc:publisher>Wilhelm Bleek</dc:publisher>
  <dc:rights>CC-BY-NC-ND</dc:rights>
  <dc:source>Wilhelm Bleek</dc:source>
  <dc:subject>Wilhelm Bleek notebooks</dc:subject>
  <dc:title>Blank pages in Bleek's Book XIV</dc:title>
  <dc:type>story</dc:type>
</oai_dc:dc>
