<item>
   <qubitParentSlug>fhya-depot</qubitParentSlug>
   <title>UDinizulu kaCetshwayo</title>
   <radGeneralMaterialDesignation>Textual record</radGeneralMaterialDesignation>
   <levelOfDescription>item</levelOfDescription>
   <scopeAndContent>[Source - Benathi Marufu for FHYA, 2020: A digital copy of the book uDinizulu kaCetshwayo by R. R. R. Dhlomo. First edition 1968. City prinitng works (PTY) LTD., Bank Street, Pietermaritzburg. Shuter &amp; Shooter-Pietermaritzburg.]</scopeAndContent>
   <reproductionConditions>Creative Commons License: CC BY-NC-ND 

https://creativecommons.org/licenses/by-nc-nd/3.0/

Unless otherwise stated the copyright of all material on the FHYA resides with the contributing institution/custodian.</reproductionConditions>
   <event>
      <eventActor id="internal1">Five Hundred Year Archive (FHYA)</eventActor>
      <eventType>Online curation</eventType>
      <eventDate>2020 -</eventDate>
      <eventDescription>Digital copy by the Five Hundred Year Archive</eventDescription>
   </event>
   <event>
      <eventActor id="internal337">Shuter &amp; Shooter, Pietermaritzburg</eventActor>
      <eventType>Publication</eventType>
      <eventDate>1968</eventDate>
      <eventDescription></eventDescription>
   </event>
   <event>
      <eventActor id="internal336">R. R. R. Dhlomo</eventActor>
      <eventType>Writing </eventType>
      <eventDate>[19-?]</eventDate>
      <eventDescription></eventDescription>
   </event>
   <view>
      <title>UDinizulu kaCetshwayo</title>
      <file>FHYA%20Depot/Dhlomo_RRR_UDinizulu_kaCetshwayo.pdf</file>
   </view>
</item>
