<item>
   <qubitParentSlug>fhya-depot</qubitParentSlug>
   <title>Travels and Researches in Caffraria: Describing the Character, Customs, and Moral Condition of the Tribes Inhabiting That Portion of Southern Africa</title>
   <radGeneralMaterialDesignation>Textual record</radGeneralMaterialDesignation>
   <levelOfDescription>item</levelOfDescription>
   <scopeAndContent>[Source - Benathi Marufu for FHYA, 2020: A digital copy of the book Travels and Researches in Caffraria: Describing the Character, Customs, and Moral Condition of the Tribes Inhabiting That Portion of Southern Africa by Kay, Stephen. London: John Mason, 1833.]</scopeAndContent>
   <reproductionConditions>Creative Commons License: CC BY-NC-ND 

https://creativecommons.org/licenses/by-nc-nd/3.0/

Unless otherwise stated the copyright of all material on the FHYA resides with the contributing institution/custodian.</reproductionConditions>
   <event>
      <eventActor id="internal307">Five Hundred Year Archive</eventActor>
      <eventType>Online curation</eventType>
      <eventDate>2020 -</eventDate>
      <eventDescription>Digital copy from Google Book Search Project</eventDescription>
   </event>
   <event>
      <eventActor id="internal331">John Mason, 14, city road</eventActor>
      <eventType>Publication</eventType>
      <eventDate>1833</eventDate>
      <eventDescription></eventDescription>
   </event>
   <event>
      <eventActor id="internal376">Kay Stephen</eventActor>
      <eventType>Writing </eventType>
      <eventDate>[18-?]</eventDate>
      <eventDescription></eventDescription>
   </event>
   <view>
      <title>Travels and Researches in Caffraria: Describing the Character, Customs, and Moral Condition of the Tribes Inhabiting That Portion of Southern Africa</title>
      <file>FHYA%20Depot/Kay_Stephen_Travels_and_Researches_in_Caffraria_Describing_the_Character_Customs_and_Moral_Condition_of_the_Tribes_Inhabiting_That_Portion_of_Southern_Africa.pdf</file>
   </view>
</item>
