<?xml version='1.0' encoding='utf-8'?>
<oai_dc:dc xmlns:dc="http://purl.org/dc/elements/1.1/" xmlns:oai_dc="http://www.openarchives.org/OAI/2.0/oai_dc/" xmlns:xsi="http://www.w3.org/2001/XMLSchema-instance" xsi:schemaLocation="http://www.openarchives.org/OAI/2.0/oai_dc/ http://www.openarchives.org/OAI/2.0/oai_dc.xsd">
  <dc:contributor>Five Hundred Year Archive</dc:contributor>
  <dc:contributor>John Mason, 14, city road</dc:contributor>
  <dc:contributor>Kay Stephen</dc:contributor>
  <dc:creator>Benathi Marufu</dc:creator>
  <dc:date>2020-10-05</dc:date>
  <dc:description>http://emandulo.apc.uct.ac.za/collection/FHYA%20Depot/Kay_Stephen_Travels_and_Researches_in_Caffraria_Describing_the_Character_Customs_and_Moral_Condition_of_the_Tribes_Inhabiting_That_Portion_of_Southern_Africa.pdf</dc:description>
  <dc:format>text/xml</dc:format>
  <dc:identifier>http://emandulo.apc.uct.ac.za/metadata/FHYA Depot/18</dc:identifier>
  <dc:publisher>Benathi Marufu</dc:publisher>
  <dc:rights>Creative Commons License: CC BY-NC-ND 

https://creativecommons.org/licenses/by-nc-nd/3.0/

Unless otherwise stated the copyright of all material on the FHYA resides with the contributing institution/custodian.</dc:rights>
  <dc:source>[Source - Benathi Marufu for FHYA, 2020: A digital copy of the book Travels and Researches in Caffraria: Describing the Character, Customs, and Moral Condition of the Tribes Inhabiting That Portion of Southern Africa by Kay, Stephen. London: John Mason, 1833.]</dc:source>
  <dc:subject>fhya-depot</dc:subject>
  <dc:title>Travels and Researches in Caffraria: Describing the Character, Customs, and Moral Condition of the Tribes Inhabiting That Portion of Southern Africa</dc:title>
  <dc:type>Textual record</dc:type>
</oai_dc:dc>
