<item>
   <qubitParentSlug>fhya-depot</qubitParentSlug>
   <title>British Rule in South Africa. Illustrated in the Story of Kama and His Tribe, and of the War in Zululand</title>
   <radGeneralMaterialDesignation>Textual record</radGeneralMaterialDesignation>
   <levelOfDescription>item</levelOfDescription>
   <scopeAndContent>[Source - Benathi Marufu for FHYA, 2020: A digital copy of the book British Rule in South Africa. Illustrated in the Story of Kama and His Tribe, and of the War in Zululand by Holden, W C. London : Published for the Author at the Wesleyan Conference Office, 2, Castle-Street, City-Road; And 66, Paternoster-Row., (Hayman Brothers and Lilly, Printers, Hatton House, Farringdon Road, London, E.C, 1879.]</scopeAndContent>
   <reproductionConditions>Creative Commons License: CC BY-NC-ND 

https://creativecommons.org/licenses/by-nc-nd/3.0/

Unless otherwise stated the copyright of all material on the FHYA resides with the contributing institution/custodian.</reproductionConditions>
   <event>
      <eventActor id="internal307">Five Hundred Year Archive</eventActor>
      <eventType>Online curation</eventType>
      <eventDate>2020 -</eventDate>
      <eventDescription>This copy was downloaded from the internet. No information of who digitised the book is available at this time</eventDescription>
   </event>
   <event>
      <eventActor id="internal325">Wesleyan Conference office 2, Castle-Street, City-Road</eventActor>
      <eventType>Publication</eventType>
      <eventDate>1879</eventDate>
      <eventDescription></eventDescription>
   </event>
   <event>
      <eventActor id="internal324">Rev. William C. Holden</eventActor>
      <eventType>Writing </eventType>
      <eventDate>[187-?]</eventDate>
      <eventDescription></eventDescription>
   </event>
   <view>
      <title>British Rule in South Africa. Illustrated in the Story of Kama and His Tribe, and of the War in Zululand</title>
      <file>FHYA%20Depot/Holden_William_C_British_Rule_in_South_Africa_Illustrated_inthe_Story_ofKama_and_His_Tribe_and_ofthe_War_in_Zululand.pdf</file>
   </view>
</item>
