<?xml version='1.0' encoding='utf-8'?>
<oai_dc:dc xmlns:dc="http://purl.org/dc/elements/1.1/" xmlns:oai_dc="http://www.openarchives.org/OAI/2.0/oai_dc/" xmlns:xsi="http://www.w3.org/2001/XMLSchema-instance" xsi:schemaLocation="http://www.openarchives.org/OAI/2.0/oai_dc/ http://www.openarchives.org/OAI/2.0/oai_dc.xsd">
  <dc:contributor>Five Hundred Year Archive</dc:contributor>
  <dc:contributor>Wesleyan Conference office 2, Castle-Street, City-Road</dc:contributor>
  <dc:contributor>Rev. William C. Holden</dc:contributor>
  <dc:creator>Benathi Marufu</dc:creator>
  <dc:date>2020-10-05</dc:date>
  <dc:description>http://emandulo.apc.uct.ac.za/collection/FHYA%20Depot/Holden_William_C_British_Rule_in_South_Africa_Illustrated_inthe_Story_ofKama_and_His_Tribe_and_ofthe_War_in_Zululand.pdf</dc:description>
  <dc:format>text/xml</dc:format>
  <dc:identifier>http://emandulo.apc.uct.ac.za/metadata/FHYA Depot/12</dc:identifier>
  <dc:publisher>Benathi Marufu</dc:publisher>
  <dc:rights>Creative Commons License: CC BY-NC-ND 

https://creativecommons.org/licenses/by-nc-nd/3.0/

Unless otherwise stated the copyright of all material on the FHYA resides with the contributing institution/custodian.</dc:rights>
  <dc:source>[Source - Benathi Marufu for FHYA, 2020: A digital copy of the book British Rule in South Africa. Illustrated in the Story of Kama and His Tribe, and of the War in Zululand by Holden, W C. London : Published for the Author at the Wesleyan Conference Office, 2, Castle-Street, City-Road; And 66, Paternoster-Row., (Hayman Brothers and Lilly, Printers, Hatton House, Farringdon Road, London, E.C, 1879.]</dc:source>
  <dc:subject>fhya-depot</dc:subject>
  <dc:title>British Rule in South Africa. Illustrated in the Story of Kama and His Tribe, and of the War in Zululand</dc:title>
  <dc:type>Textual record</dc:type>
</oai_dc:dc>
