<item>
   <qubitParentSlug>fhya-depot</qubitParentSlug>
   <title>The nature and significance of bride wealth among the South African Bantu</title>
   <radGeneralMaterialDesignation>Textual record</radGeneralMaterialDesignation>
   <levelOfDescription>item</levelOfDescription>
   <scopeAndContent>[Source - Benathi Marufu for FHYA, 2020: A copy of Hammond-Tooke, W. D. Masters thesis titled The nature and significance of bride wealth among the South African Bantu.]</scopeAndContent>
   <reproductionConditions>Creative Commons License: CC BY-NC-ND 

https://creativecommons.org/licenses/by-nc-nd/3.0/

Unless otherwise stated the copyright of all material on the FHYA resides with the contributing institution/custodian.</reproductionConditions>
   <event>
      <eventActor id="internal1">Five Hundred Year Archive (FHYA)</eventActor>
      <eventType>Online curation</eventType>
      <eventDate>2020 -</eventDate>
      <eventDescription>Digital copy from OpenUCT by the University of Cape town</eventDescription>
   </event>
   <event>
      <eventActor id="internal315">W. D. Hammond - Tooke</eventActor>
      <eventType>Writing </eventType>
      <eventDate>1948</eventDate>
      <eventDescription></eventDescription>
   </event>
   <view>
      <title>The nature and significance of bride wealth among the South African Bantu</title>
      <file>FHYA%20Depot/Hammond_Tooke_The_Nature_and_Significance_of_BrideWealth_Among_the_South_African_Bantu_1948.pdf</file>
   </view>
</item>
