<item>
   <qubitParentSlug>fhya-depot</qubitParentSlug>
   <title>Among the Zulus and Amatongas: with sketches of the natives, their language and customs; and the country, products, climate, wild animals &amp;c</title>
   <radGeneralMaterialDesignation>Textual record</radGeneralMaterialDesignation>
   <levelOfDescription>item</levelOfDescription>
   <scopeAndContent>[Source - Benathi Marufu for FHYA, 2020: A digital copy of the book Among the Zulus and Amatongas: with with sketches of the natives, their language and customs; and the country, products, climate, wild animals &amp;c. by the late David Leslie. Edited by the Hon. W. H. Drummond,. Second Edition. EdinBurgh: Edmonston &amp; Douglas. London: MacMillan &amp; Co. Glasgow: J. Maclehouse, 1875.]</scopeAndContent>
   <reproductionConditions>Creative Commons License: CC BY-NC-ND 

https://creativecommons.org/licenses/by-nc-nd/3.0/

Unless otherwise stated the copyright of all material on the FHYA resides with the contributing institution/custodian.</reproductionConditions>
   <event>
      <eventActor id="internal1">Five Hundred Year Archive (FHYA)</eventActor>
      <eventType>Online curation</eventType>
      <eventDate>2020 -</eventDate>
      <eventDescription>Digital copy from Google Book Search Project</eventDescription>
   </event>
   <event>
      <eventActor id="internal356">MacMillan &amp; Co. Glasgow: J. Maclehouse</eventActor>
      <eventType>Publication</eventType>
      <eventDate>1875</eventDate>
      <eventDescription></eventDescription>
   </event>
   <event>
      <eventActor id="internal357">William H. Drummond</eventActor>
      <eventType>Editing</eventType>
      <eventDate>[187-?]</eventDate>
      <eventDescription></eventDescription>
   </event>
   <event>
      <eventActor id="internal358">David Leslie</eventActor>
      <eventType>Writing </eventType>
      <eventDate>[18-?]</eventDate>
      <eventDescription></eventDescription>
   </event>
   <view>
      <title>Among the Zulus and Amatongas: with sketches of the natives, their language and customs; and the country, products, climate, wild animals &amp;c</title>
      <file>FHYA%20Depot/Leslie_David_and_William_H_Drummond_Among_the_Zulus_and_Amatongas.pdf</file>
   </view>
</item>
