<?xml version='1.0' encoding='utf-8'?>
<oai_dc:dc xmlns:dc="http://purl.org/dc/elements/1.1/" xmlns:oai_dc="http://www.openarchives.org/OAI/2.0/oai_dc/" xmlns:xsi="http://www.w3.org/2001/XMLSchema-instance" xsi:schemaLocation="http://www.openarchives.org/OAI/2.0/oai_dc/ http://www.openarchives.org/OAI/2.0/oai_dc.xsd">
  <dc:contributor>Five Hundred Year Archive (FHYA)</dc:contributor>
  <dc:contributor>MacMillan &amp; Co. Glasgow: J. Maclehouse</dc:contributor>
  <dc:contributor>William H. Drummond</dc:contributor>
  <dc:contributor>David Leslie</dc:contributor>
  <dc:creator>Benathi Marufu</dc:creator>
  <dc:date>2020-10-05</dc:date>
  <dc:description>http://emandulo.apc.uct.ac.za/collection/FHYA%20Depot/Leslie_David_and_William_H_Drummond_Among_the_Zulus_and_Amatongas.pdf</dc:description>
  <dc:format>text/xml</dc:format>
  <dc:identifier>http://emandulo.apc.uct.ac.za/metadata/FHYA Depot/39</dc:identifier>
  <dc:publisher>Benathi Marufu</dc:publisher>
  <dc:rights>Creative Commons License: CC BY-NC-ND 

https://creativecommons.org/licenses/by-nc-nd/3.0/

Unless otherwise stated the copyright of all material on the FHYA resides with the contributing institution/custodian.</dc:rights>
  <dc:source>[Source - Benathi Marufu for FHYA, 2020: A digital copy of the book Among the Zulus and Amatongas: with with sketches of the natives, their language and customs; and the country, products, climate, wild animals &amp;c. by the late David Leslie. Edited by the Hon. W. H. Drummond,. Second Edition. EdinBurgh: Edmonston &amp; Douglas. London: MacMillan &amp; Co. Glasgow: J. Maclehouse, 1875.]</dc:source>
  <dc:subject>fhya-depot</dc:subject>
  <dc:title>Among the Zulus and Amatongas: with sketches of the natives, their language and customs; and the country, products, climate, wild animals &amp;c</dc:title>
  <dc:type>Textual record</dc:type>
</oai_dc:dc>
