<item>
   <qubitParentSlug>fhya-depot</qubitParentSlug>
   <title>The Religious system of the Amazulu</title>
   <radGeneralMaterialDesignation>Textual record</radGeneralMaterialDesignation>
   <levelOfDescription>item</levelOfDescription>
   <scopeAndContent>[Source - Benathi Marufu for FHYA, 2020: A digital copy of the book The Religious System of the Amazulu. In the Zulu language with translation into english and notes in four parts: by Henry Callaway. Original printed by: Springdale mission press. Facsimile reprint. Cape town. C. Struik (PTY) LTD, 1970.]</scopeAndContent>
   <reproductionConditions>Creative Commons License: CC BY-NC-ND 

https://creativecommons.org/licenses/by-nc-nd/3.0/

Unless otherwise stated the copyright of all material on the FHYA resides with the contributing institution/custodian.</reproductionConditions>
   <event>
      <eventActor id="internal307">Five Hundred Year Archive</eventActor>
      <eventType>Online curation</eventType>
      <eventDate>2020 -</eventDate>
      <eventDescription>Digital copy by the Five Hundred Year Archive</eventDescription>
   </event>
   <event>
      <eventActor id="internal342">C. Struik (PTY) LTD</eventActor>
      <eventType>Publication</eventType>
      <eventDate>1970</eventDate>
      <eventDescription></eventDescription>
   </event>
   <event>
      <eventActor id="internal363">Henry Callaway</eventActor>
      <eventType>Writing </eventType>
      <eventDate>[19-?]</eventDate>
      <eventDescription></eventDescription>
   </event>
   <view>
      <title>The Religious system of the Amazulu</title>
      <file>FHYA%20Depot/Callaway_Henry_The_religous_system_of_the_AmaZulu.pdf</file>
   </view>
</item>
