<item>
   <qubitParentSlug>fhya-depot</qubitParentSlug>
   <title>Transitions in the political economy of South-East Africa before 18430</title>
   <radGeneralMaterialDesignation>Textual record</radGeneralMaterialDesignation>
   <levelOfDescription>item</levelOfDescription>
   <scopeAndContent>[Source - Benathi Marufu for FHYA, 2020: A copy of Henry Slater&apos;s doctoral thesis titled Transitions in the political economy of South-East Africa before 1840. PhD thesis, University of Sussex, 1976.]</scopeAndContent>
   <reproductionConditions>Creative Commons License: CC BY-NC-ND 

https://creativecommons.org/licenses/by-nc-nd/3.0/

Unless otherwise stated the copyright of all material on the FHYA resides with the contributing institution/custodian.</reproductionConditions>
   <event>
      <eventActor id="internal1">Five Hundred Year Archive (FHYA)</eventActor>
      <eventType>Online curation</eventType>
      <eventDate>2020 -</eventDate>
      <eventDescription>Digital copy downloaded from the University of Sussex e-thesis online service</eventDescription>
   </event>
   <event>
      <eventActor id="internal317">Henry Slater</eventActor>
      <eventType>Writing </eventType>
      <eventDate>1976</eventDate>
      <eventDescription></eventDescription>
   </event>
   <view>
      <title>Transitions in the political economy of South-East Africa before 18430</title>
      <file>FHYA%20Depot/Slater_Thesis.pdf</file>
   </view>
</item>
