<item>
   <qubitParentSlug>fhya-depot</qubitParentSlug>
   <title>Notice biographique sur la vie, la conversion et la mort de Manoah, membre de l&apos;église de Thaba-Bossiou, chez les Béchuanas-Bassoutos (Afrique Méridionale)</title>
   <radGeneralMaterialDesignation>Textual Record</radGeneralMaterialDesignation>
   <levelOfDescription>item</levelOfDescription>
   <scopeAndContent>[Source - Ettore Morelli for FHYA, 2020: A digitised copy of an obituary by the French missionary Eugène Casalis, being a booklet published as an extract from the French missionary periodical Journal des Missions évangéliques. The obituary commemorates Entouta Manoah, first Christian convert to die in Lesotho.]</scopeAndContent>
   <reproductionConditions>Creative Commons License: CC BY-NC-ND  

https://creativecommons.org/licenses/by-nc-nd/3.0/

Unless otherwise stated the copyright of all material on the FHYA resides with the contributing institution/custodian.</reproductionConditions>
   <event>
      <eventActor id="internal1">Five Hundred Year Archive (FHYA)</eventActor>
      <eventType>Online Curation</eventType>
      <eventDate>2020</eventDate>
      <eventDescription></eventDescription>
   </event>
   <event>
      <eventActor id="internal19">Gallica.bnf.fr</eventActor>
      <eventType>Online Archiving</eventType>
      <eventDate>20-</eventDate>
      <eventDescription></eventDescription>
   </event>
   <event>
      <eventActor id="internal20">Bibliothèque national de France</eventActor>
      <eventType>Digitisation</eventType>
      <eventDate>20-</eventDate>
      <eventDescription></eventDescription>
   </event>
   <event>
      <eventActor id="internal21">Bibliothèque nationale de France</eventActor>
      <eventType>Library Holding</eventType>
      <eventDate>19-</eventDate>
      <eventDescription></eventDescription>
   </event>
   <event>
      <eventActor id="internal22">Bibliothèque Royale</eventActor>
      <eventType>Library Holding</eventType>
      <eventDate>18-</eventDate>
      <eventDescription></eventDescription>
   </event>
   <event>
      <eventActor id="internal23">Imprimerie de J.Smith</eventActor>
      <eventType>Publication</eventType>
      <eventDate>1843</eventDate>
      <eventDescription></eventDescription>
   </event>
   <event>
      <eventActor id="internal13">Eugène Casalis</eventActor>
      <eventType>Writing</eventType>
      <eventDate>18 July 1842</eventDate>
      <eventDescription></eventDescription>
   </event>
   <view>
      <title>Notice biographique sur la vie, la conversion et la mort de Manoah, membre de l&apos;église de Thaba-Bossiou, chez les Béchuanas-Bassoutos (Afrique Méridionale)</title>
      <file>FHYA%20Depot/uMgungundlovu/Casalis_Noticie_bibliografique_sur_la_vie_et_la_mort_de_un_bassouto_1843.pdf</file>
   </view>
</item>
