<?xml version='1.0' encoding='utf-8'?>
<oai_dc:dc xmlns:dc="http://purl.org/dc/elements/1.1/" xmlns:oai_dc="http://www.openarchives.org/OAI/2.0/oai_dc/" xmlns:xsi="http://www.w3.org/2001/XMLSchema-instance" xsi:schemaLocation="http://www.openarchives.org/OAI/2.0/oai_dc/ http://www.openarchives.org/OAI/2.0/oai_dc.xsd">
  <dc:contributor>Five Hundred Year Archive (FHYA)</dc:contributor>
  <dc:contributor>Gallica.bnf.fr</dc:contributor>
  <dc:contributor>Bibliotheque national de France</dc:contributor>
  <dc:contributor>Bibliotheque nationale de France</dc:contributor>
  <dc:contributor>Bibliotheque Royale</dc:contributor>
  <dc:contributor>Imprimerie de J.Smith</dc:contributor>
  <dc:contributor>Eugene Casalis</dc:contributor>
  <dc:creator>Ettore Morelli</dc:creator>
  <dc:date>2020-10-05</dc:date>
  <dc:description>http://emandulo.apc.uct.ac.za/collection/FHYA%20Depot/uMgungundlovu/Casalis_Noticie_bibliografique_sur_la_vie_et_la_mort_de_un_bassouto_1843.pdf</dc:description>
  <dc:format>text/xml</dc:format>
  <dc:identifier>http://emandulo.apc.uct.ac.za/metadata/FHYA Depot/76</dc:identifier>
  <dc:publisher>Ettore Morelli</dc:publisher>
  <dc:rights>Creative Commons License: CC BY-NC-ND  

https://creativecommons.org/licenses/by-nc-nd/3.0/

Unless otherwise stated the copyright of all material on the FHYA resides with the contributing institution/custodian.</dc:rights>
  <dc:source>[Source - Ettore Morelli for FHYA, 2020: A digitised copy of an obituary by the French missionary Eugene Casalis, being a booklet published as an extract from the French missionary periodical Journal des Missions evangeliques. The obituary commemorates Entouta Manoah, first Christian convert to die in Lesotho.]</dc:source>
  <dc:subject>fhya-depot</dc:subject>
  <dc:title>Notice biographique sur la vie, la conversion et la mort de Manoah, membre de l'eglise de Thaba-Bossiou, chez les Bechuanas-Bassoutos (Afrique Meridionale)</dc:title>
  <dc:type>Textual Record</dc:type>
</oai_dc:dc>
