<item type="story"><id>2049</id>
<collection>Dorothea Bleek notebooks</collection>
<title>Dorothea Bleek - Book BC151_A3_025</title>
<summary>Notes on rock paintings in caves in the Orange Free State c.1928, including comments on the condition of the paintings, the location of the caves and comparisions between Stow&apos;s copies and originals, as well as notes as to paintings to be copied in the future.</summary><comments>1) p.[1] OFS Nos 45,69,81. Farm Klipfontein, description of location of cave, comparison of painting with Stow copy, condition report(much rubbed out), description of details of paintings, critical of copies. 2) p.[5] &apos;this cave makes impression, that elephants and the large old red paintings area very old, some little black and white figures also, most of what Stow copied very new likewise the Basothos&apos;. 3) p.[6]: 67 and 122, Farm Kalkfontein on the orange river, location of cave, condition varied, detailed description mention of &apos;dots&apos; and &apos;red men&apos; &apos;spears&apos; &apos;oxen&apos;, notes that Stow was selective in what he copied, criticism of Stow&apos;s copies, small illustration correcting Stow&apos;s interpretation, conjectures on the age of paintings. 4) p.[11]: No 120. Farm Luter&apos;s Kraal, &apos;two rock shelters facing river&apos;, comparison with Stow copy including figures omitted, speculates on age of paintings, mentions condition, &apos;second shelter being used by Kaffirs as a hut all pictures rubbed out and covered with soot&apos;, all other paintings in location &apos;getting faded&apos;. 5) p.[14] Nos 131,102,127,65,49. Knoffelspruit, location of cave, compares and criticises copies especially discrepancy in colour and size, speculates on age of the paintings. Much rubbed out. Basuto superimposition evident. Comment on history of farm. 6) p.[18] Nos 55 &amp; 68 on Excelsior near Nerino[?]. Comment of content and condition of paintings found, what Stow copied. 7) p.[21]: Nos 112, 114, 124 Farm Diep Kloof. Description of farm and its location, &apos;gorgeous paintings&apos;, well preserved, detailed descriptions of panels there, speculation as to age of different groups. 8) p.[29]: No 60 (57?): Farm Rockwood. Paintings badly preserved, an elephant high up, description of panels. Comment on correctness of Stow&apos;s copying (one &apos;fairly correct&apos;. 9) p.[32]: No 121, Farm Quaggafontein. Description of paintings and their condition. DB not sure if what she saw same as 121, all very faded.10) p.[35]: Tracing above homestead at Quaggafontein. Nearly all correct but very faded. 11) p.[36]: No 59 Geluksfontein. Description of paintings and their condition, description of the area. 12) p.[38]: 94 Niaputte [?]. No trace of 94 found. Precipitous rock banks, noone there knows of any paintings. 13) p.[39]: 82. Great cave on West side of Vechtkop. Description of cave, no trace of copy but a badly drawn painting there, &apos;evidently only used in last struggle for existence&apos;. 14) p.[41]: 41 Tracing &amp; no 103. Tienfontein Nek. Farm Henningsdal. Tracing 41 there and correct, with minor inaccuracies. Description of paintings and their condition, ages of layers speculated on, location and description of another rock shelter farther along the ridge, faded and &apos;used as a home by Kafirs&apos;. Paintings illustrate a few inaccuracies mostly to do with dots and superimposition (dots are superimposed and not vice versa). 15) p.[45]: No 134 &amp; 135. Fraai Uitzicht. Location of cave, description of paintings and their condition, comment on correctness of copying. 16) p.[48]: 47. Elandskloof in Gryskop. Location of cave, description of paintings and their condition, comment on correctness of copying (figures left out). 17) p.[49]: 92. Farm Genaadeberg. Location of cave, description of paintings and their condition, comment on correctness of copying, cave seems recent to DB, speculates that two generations might have lived there. 18) p.[51]: 82. Lange cave. Location of cave, description of paintings and their quality (&apos;evidently late bad work&apos;) and their condition, comment on correctness of copying (horses &apos;very badly&apos; copied, hard to identify &apos;at all&apos;, she ends by saying &apos;hardly worth painting&apos;. 19) p.[53]: 110. Peshuli&apos;s Hoek, Genaadeberg. Location of cave, description of paintings (&apos;skill visible&apos;, good eland) and their condition (a few remains of paintings), comment on correctness of copying, tracing 29 partly visible. 20) p.[56]: 132. Golfeneno[?]. Location of cave, description of paintings (lots old &amp; new, &apos;some very fine elands&apos;) and their condition, comment on correctness of copying, DB doesn&apos;t see &apos;anything special&apos; in the tracings or the painting, but &apos;so much is destroyed I can&apos;t be sure&apos;, looks to be an old cave. 21) p.[58]:129.109. Pietersberg. Location of cave, description of paintings, very faded, comment on correctness of copying (spacing of figures). 22) p.[60]: 106. 48. Farm Boomplaats. Description of paintings and their age &amp; condition, comment on correctness of copying (didn&apos;t show superimposition, and some dots missing). 23) p.[62]: 99. Farm caves part of old Bitterfontein. No other paintings known of, cave in poor condition. 24) p.[63]: 51, 52, 64, 101. Farm La Belle France near Koesberg range. Description of paintings and comment on correctness: some slight differences, especially in way drawn (&apos;porcupine thing should be rounder&apos;) and figures not copied, speculation as to age of layers, parts rubbed out. 25) p.[67]: 90 Leeuwfontein, West of Koesberg. Condition poor - faded, old &amp; spoilt. 26) p.[68]: 88. Farm Hallalon[?] at foot of hills near Koesberg. Location of cave, description of paintings (traces of an old black elephant) in good condition especially colour, not old-looking, comment on correctness: snake in 88 &apos;very exact&apos;. 27) p.[70]: 50. Tracings 47&amp;48. Vlei Spruit. Location of cave &amp; farm, description of painting &amp; condition (some fading of colour), (DB says at the end &apos;while all gone don&apos;t think it ever was there&apos; but she might be referring to a red snake). 28) p.[73]: 53a &amp; b. Ventershoek. Location of cave, description of paintings (black people, maybe Zulus, oxen and wagons) and their condition (much cut away, former owner of farm responsible for letting French[?] do it), comment on correctness of copying (&apos;Picture very well and accurately copied as far as it is still visible&apos;). 29) p.[76]: 66 &amp; 89. Olievenhoutbank[?]. On roof of cave, men fairly exact, other copying seems correct, well-preserved. 30) p.[78]: 72. Bokpoort. Location of cave, description of paintings and their condition (faded, very few), comment on correctness of copying (some figures appear &apos;pretty correct&apos;). 31) DB starts from end of book working toward front on verso pages. p.[97v-94v]: Locations of farms, a note on location of &apos;beautiful&apos; paintings, p.98: locations of Stow copies at farms and places, p.96: notes on &apos;practically done&apos; and &apos;done ones&apos;, p.96: ditto p.98. 32) DB begins to note paintings some possibly worth copying. p.[94v-92v]: Farm Morgen Sonn. Location of farm and cave, detailed description of paintings, old &amp; new sections, &apos;queer&apos; &amp; &apos;strange&apos; animals and figures. 33) p.[91v]: Same farm [?]. Description of some faded panels, an elephant and old black figures. 34) p.[90v]: Morgan Zonn[?]. Description of rock shelter &amp; paintings there. Two beautiful elands. 35) p.[89v]: Quaggafontein. a faded painting that might be one of Stows, but doubtful. 36) p.[88v]: Tienfontein Nek. Description of paintings (clear but not Stows), especially elands, that should be copied. 37) p.[87v]: Leeuwfontein. Description of paintings, some fine buck but poor figures, DB says shelter probably &apos;only used in last days when driven out below&apos;. p.[86v]: Same location: description, simple, &apos;late&apos; &amp; smudgy. 38) p.[85v]: Vechtkopspruit, Elandskloof. Similar to 58. 39) p.[84v]: Inhoek. Faded and poor, no trace of figures in 104. 40) p.[83v]: Dubbeldraai. Description of painting, location and condition of cave. 41) p.[81v]: Noorwegen. Location of cave, description of paintings (reference to men in &apos;disguise&apos; of buck [no legs], &apos;queer&apos; white animals, good white eland, rhino etc) and their condition (good but fading), &apos;interesting to copy&apos;. Note on how to get there. 42) p.[79v]: Boschbank. Description of cave and paintings, note that it should be copied.  </comments><date>1928?</date><storypages>unpaginated [98 pages]</storypages>
<page><file>A3_25_[001].JPG</file><book>BC_151_A3_25</book></page>
<page><file>A3_25_[002].JPG</file><book>BC_151_A3_25</book></page>
<page><file>A3_25_[003].JPG</file><book>BC_151_A3_25</book></page>
<page><file>A3_25_[004].JPG</file><book>BC_151_A3_25</book></page>
<page><file>A3_25_[005].JPG</file><book>BC_151_A3_25</book></page>
<page><file>A3_25_[006].JPG</file><book>BC_151_A3_25</book></page>
<page><file>A3_25_[007].JPG</file><book>BC_151_A3_25</book></page>
<page><file>A3_25_[008].JPG</file><book>BC_151_A3_25</book></page>
<page><file>A3_25_[009].JPG</file><book>BC_151_A3_25</book></page>
<page><file>A3_25_[010].JPG</file><book>BC_151_A3_25</book></page>
<page><file>A3_25_[011].JPG</file><book>BC_151_A3_25</book></page>
<page><file>A3_25_[012].JPG</file><book>BC_151_A3_25</book></page>
<page><file>A3_25_[013].JPG</file><book>BC_151_A3_25</book></page>
<page><file>A3_25_[014].JPG</file><book>BC_151_A3_25</book></page>
<page><file>A3_25_[015].JPG</file><book>BC_151_A3_25</book></page>
<page><file>A3_25_[016].JPG</file><book>BC_151_A3_25</book></page>
<page><file>A3_25_[017].JPG</file><book>BC_151_A3_25</book></page>
<page><file>A3_25_[018].JPG</file><book>BC_151_A3_25</book></page>
<page><file>A3_25_[019].JPG</file><book>BC_151_A3_25</book></page>
<page><file>A3_25_[020].JPG</file><book>BC_151_A3_25</book></page>
<page><file>A3_25_[021].JPG</file><book>BC_151_A3_25</book></page>
<page><file>A3_25_[022].JPG</file><book>BC_151_A3_25</book></page>
<page><file>A3_25_[023].JPG</file><book>BC_151_A3_25</book></page>
<page><file>A3_25_[024].JPG</file><book>BC_151_A3_25</book></page>
<page><file>A3_25_[025].JPG</file><book>BC_151_A3_25</book></page>
<page><file>A3_25_[026].JPG</file><book>BC_151_A3_25</book></page>
<page><file>A3_25_[027].JPG</file><book>BC_151_A3_25</book></page>
<page><file>A3_25_[028].JPG</file><book>BC_151_A3_25</book></page>
<page><file>A3_25_[029].JPG</file><book>BC_151_A3_25</book></page>
<page><file>A3_25_[030].JPG</file><book>BC_151_A3_25</book></page>
<page><file>A3_25_[031].JPG</file><book>BC_151_A3_25</book></page>
<page><file>A3_25_[032].JPG</file><book>BC_151_A3_25</book></page>
<page><file>A3_25_[033].JPG</file><book>BC_151_A3_25</book></page>
<page><file>A3_25_[034].JPG</file><book>BC_151_A3_25</book></page>
<page><file>A3_25_[035].JPG</file><book>BC_151_A3_25</book></page>
<page><file>A3_25_[036].JPG</file><book>BC_151_A3_25</book></page>
<page><file>A3_25_[037].JPG</file><book>BC_151_A3_25</book></page>
<page><file>A3_25_[038].JPG</file><book>BC_151_A3_25</book></page>
<page><file>A3_25_[039].JPG</file><book>BC_151_A3_25</book></page>
<page><file>A3_25_[040].JPG</file><book>BC_151_A3_25</book></page>
<page><file>A3_25_[041].JPG</file><book>BC_151_A3_25</book></page>
<page><file>A3_25_[042].JPG</file><book>BC_151_A3_25</book></page>
<page><file>A3_25_[043].JPG</file><book>BC_151_A3_25</book></page>
<page><file>A3_25_[044].JPG</file><book>BC_151_A3_25</book></page>
<page><file>A3_25_[045].JPG</file><book>BC_151_A3_25</book></page>
<page><file>A3_25_[046].JPG</file><book>BC_151_A3_25</book></page>
<page><file>A3_25_[047].JPG</file><book>BC_151_A3_25</book></page>
<page><file>A3_25_[048].JPG</file><book>BC_151_A3_25</book></page>
<page><file>A3_25_[049].JPG</file><book>BC_151_A3_25</book></page>
<page><file>A3_25_[050].JPG</file><book>BC_151_A3_25</book></page>
<page><file>A3_25_[051].JPG</file><book>BC_151_A3_25</book></page>
<page><file>A3_25_[052].JPG</file><book>BC_151_A3_25</book></page>
<page><file>A3_25_[053].JPG</file><book>BC_151_A3_25</book></page>
<page><file>A3_25_[054].JPG</file><book>BC_151_A3_25</book></page>
<page><file>A3_25_[055].JPG</file><book>BC_151_A3_25</book></page>
<page><file>A3_25_[056].JPG</file><book>BC_151_A3_25</book></page>
<page><file>A3_25_[057].JPG</file><book>BC_151_A3_25</book></page>
<page><file>A3_25_[058].JPG</file><book>BC_151_A3_25</book></page>
<page><file>A3_25_[059].JPG</file><book>BC_151_A3_25</book></page>
<page><file>A3_25_[060].JPG</file><book>BC_151_A3_25</book></page>
<page><file>A3_25_[061].JPG</file><book>BC_151_A3_25</book></page>
<page><file>A3_25_[062].JPG</file><book>BC_151_A3_25</book></page>
<page><file>A3_25_[063].JPG</file><book>BC_151_A3_25</book></page>
<page><file>A3_25_[064].JPG</file><book>BC_151_A3_25</book></page>
<page><file>A3_25_[065].JPG</file><book>BC_151_A3_25</book></page>
<page><file>A3_25_[066].JPG</file><book>BC_151_A3_25</book></page>
<page><file>A3_25_[067].JPG</file><book>BC_151_A3_25</book></page>
<page><file>A3_25_[068].JPG</file><book>BC_151_A3_25</book></page>
<page><file>A3_25_[069].JPG</file><book>BC_151_A3_25</book></page>
<page><file>A3_25_[070].JPG</file><book>BC_151_A3_25</book></page>
<page><file>A3_25_[071].JPG</file><book>BC_151_A3_25</book></page>
<page><file>A3_25_[072].JPG</file><book>BC_151_A3_25</book></page>
<page><file>A3_25_[073].JPG</file><book>BC_151_A3_25</book></page>
<page><file>A3_25_[074].JPG</file><book>BC_151_A3_25</book></page>
<page><file>A3_25_[075].JPG</file><book>BC_151_A3_25</book></page>
<page><file>A3_25_[076].JPG</file><book>BC_151_A3_25</book></page>
<page><file>A3_25_[077].JPG</file><book>BC_151_A3_25</book></page>
<page><file>A3_25_[078].JPG</file><book>BC_151_A3_25</book></page>
<page><file>A3_25_[079].JPG</file><book>BC_151_A3_25</book></page>
<page><file>A3_25_[080].JPG</file><book>BC_151_A3_25</book></page>
<page><file>A3_25_[081].JPG</file><book>BC_151_A3_25</book></page>
<page><file>A3_25_[082X].JPG</file><book>BC_151_A3_25</book></page>
<page><file>A3_25_[083X].JPG</file><book>BC_151_A3_25</book></page>
<page><file>A3_25_[084X].JPG</file><book>BC_151_A3_25</book></page>
<page><file>A3_25_[085X].JPG</file><book>BC_151_A3_25</book></page>
<page><file>A3_25_[086X].JPG</file><book>BC_151_A3_25</book></page>
<page><file>A3_25_[087X].JPG</file><book>BC_151_A3_25</book></page>
<page><file>A3_25_[088X].JPG</file><book>BC_151_A3_25</book></page>
<page><file>A3_25_[089X].JPG</file><book>BC_151_A3_25</book></page>
<page><file>A3_25_[090X].JPG</file><book>BC_151_A3_25</book></page>
<page><file>A3_25_[091X].JPG</file><book>BC_151_A3_25</book></page>
<page><file>A3_25_[092X].JPG</file><book>BC_151_A3_25</book></page>
<page><file>A3_25_[093X].JPG</file><book>BC_151_A3_25</book></page>
<page><file>A3_25_[094X].JPG</file><book>BC_151_A3_25</book></page>
<page><file>A3_25_[095X].JPG</file><book>BC_151_A3_25</book></page>
<page><file>A3_25_[096X].JPG</file><book>BC_151_A3_25</book></page>
<page><file>A3_25_[097X].JPG</file><book>BC_151_A3_25</book></page>
<page><file>A3_25_[098X].JPG</file><book>BC_151_A3_25</book></page>
<page><file>A3_25_[099X].JPG</file><book>BC_151_A3_25</book></page>
<page><file>A3_25_[100X].JPG</file><book>BC_151_A3_25</book></page>
<page><file>A3_25_[101X].JPG</file><book>BC_151_A3_25</book></page>
</item>
