<item>
   <qubitParentSlug>fhya-depot</qubitParentSlug>
   <title>An African Attila: Tales of the Zulu Reign of terror</title>
   <radGeneralMaterialDesignation>Textual record</radGeneralMaterialDesignation>
   <levelOfDescription>item</levelOfDescription>
   <scopeAndContent>[Source - Benathi Marufu for FHYA, 2020: A digital copy of the book An African Attila: Tales of the Zulu reign of terror, by P. A Stuart. Shuter &amp; Shooter, publishers and booksellers, Pietermaritzburg, 1938. First published in 1927, second, Illustrated Edition 1938 Copyright. Printed in England by Simson Shand Ltd., London and Hertford.]</scopeAndContent>
   <reproductionConditions>Creative Commons License: CC BY-NC-ND 

https://creativecommons.org/licenses/by-nc-nd/3.0/

Unless otherwise stated the copyright of all material on the FHYA resides with the contributing institution/custodian.</reproductionConditions>
   <event>
      <eventActor id="internal307">Five Hundred Year Archive</eventActor>
      <eventType>Online curation</eventType>
      <eventDate>2020 -</eventDate>
      <eventDescription>Digital copy by the Five Hundred Year Archive</eventDescription>
   </event>
   <event>
      <eventActor id="internal338">Shuter and Shooter booksellers and stationers, Pietermaritzburg</eventActor>
      <eventType>Publication</eventType>
      <eventDate>1938</eventDate>
      <eventDescription></eventDescription>
   </event>
   <event>
      <eventActor id="internal339">T. Fisher Unwin</eventActor>
      <eventType>Publication</eventType>
      <eventDate>1927</eventDate>
      <eventDescription></eventDescription>
   </event>
   <event>
      <eventActor id="internal377">P. A. Stuart</eventActor>
      <eventType>Writing </eventType>
      <eventDate>[19-?]</eventDate>
      <eventDescription></eventDescription>
   </event>
   <view>
      <title>An African Attila: Tales of the Zulu Reign of terror</title>
      <file>FHYA%20Depot/Stuart_P_A_African_Attila.pdf</file>
   </view>
</item>
