<item type="story"><id>797</id>
<collection>Lucy Lloyd |xam notebooks</collection>
<title>Covers and first pages of Lloyd&apos;s Book VIII-22 or BC151_A2_1_097</title>

<page><file>A2_1_97_FRTCV.JPG</file><book>BC_151_A2_1_097</book></page>
<page><file>A2_1_97_INFRT.JPG</file><book>BC_151_A2_1_097</book></page>
<page><file>A2_1_97_CON01.JPG</file><book>BC_151_A2_1_097</book></page>
<page><file>A2_1_97_CON02.JPG</file><book>BC_151_A2_1_097</book></page>
<page><file>A2_1_97_BCKCV.JPG</file><book>BC_151_A2_1_097</book></page>
</item>
