<?xml version='1.0' encoding='utf-8'?>
<oai_dc:dc xmlns:dc="http://purl.org/dc/elements/1.1/" xmlns:oai_dc="http://www.openarchives.org/OAI/2.0/oai_dc/" xmlns:xsi="http://www.w3.org/2001/XMLSchema-instance" xsi:schemaLocation="http://www.openarchives.org/OAI/2.0/oai_dc/ http://www.openarchives.org/OAI/2.0/oai_dc.xsd">
  <dc:creator>Benathi Marufu</dc:creator>
  <dc:date>2020-10-05</dc:date>
  <dc:description>http://emandulo.apc.uct.ac.za/collection/FHYA%20Depot/Doke_and_Vilakazi_Zulu_English_dictionary.pdf</dc:description>
  <dc:format>text/xml</dc:format>
  <dc:identifier>http://emandulo.apc.uct.ac.za/metadata/FHYA Depot/61</dc:identifier>
  <dc:publisher>Benathi Marufu</dc:publisher>
  <dc:rights>Creative Commons License: CC BY-NC-ND  

https://creativecommons.org/licenses/by-nc-nd/3.0/

Unless otherwise stated the copyright of all material on the FHYA resides with the contributing institution/custodian.</dc:rights>
  <dc:source>[Source - Benathi Marufu for FHYA, 2020: Zulu - English dictionary compiled by C. M. Doke, M.A., D.Litt. Professor of Bantu Philosophy, University of Witwatersrand and B. W. Vilakazi, M.A., D.Litt. Late senior language assistant, department of Bantu Studies, University of the Witwatersrand. Second edition revised with addendum, 1972. First printed 1948, reprinted 1949. Second edition (Revised) 1953. Reprinted 1964, 1972.]</dc:source>
  <dc:subject>fhya-depot</dc:subject>
  <dc:title>Zulu - English Dictionary</dc:title>
  <dc:type>Textual record</dc:type>
</oai_dc:dc>
