<item>
   <qubitParentSlug>fhya-depot</qubitParentSlug>
   <title>Zulu - English Dictionary</title>
   <radGeneralMaterialDesignation>Textual record</radGeneralMaterialDesignation>
   <levelOfDescription>item</levelOfDescription>
   <scopeAndContent>[Source - Benathi Marufu for FHYA, 2020: Zulu - English dictionary compiled by C. M. Doke, M.A., D.Litt. Professor of Bantu Philosophy, University of Witwatersrand and B. W. Vilakazi, M.A., D.Litt. Late senior language assistant, department of Bantu Studies, University of the Witwatersrand. Second edition revised with addendum, 1972. First printed 1948, reprinted 1949. Second edition (Revised) 1953. Reprinted 1964, 1972.]</scopeAndContent>
   <reproductionConditions>Creative Commons License: CC BY-NC-ND  

https://creativecommons.org/licenses/by-nc-nd/3.0/

Unless otherwise stated the copyright of all material on the FHYA resides with the contributing institution/custodian.</reproductionConditions>
   <view>
      <title>Zulu - English Dictionary</title>
      <file>FHYA%20Depot/Doke_and_Vilakazi_Zulu_English_dictionary.pdf</file>
   </view>
</item>
