<?xml version='1.0' encoding='utf-8'?>
<oai_dc:dc xmlns:dc="http://purl.org/dc/elements/1.1/" xmlns:oai_dc="http://www.openarchives.org/OAI/2.0/oai_dc/" xmlns:xsi="http://www.w3.org/2001/XMLSchema-instance" xsi:schemaLocation="http://www.openarchives.org/OAI/2.0/oai_dc/ http://www.openarchives.org/OAI/2.0/oai_dc.xsd">
  <dc:contributor>Five Hundred Year Archive (FHYA)</dc:contributor>
  <dc:contributor>University of Cape Town</dc:contributor>
  <dc:contributor>Suleman Hoosen and sons</dc:contributor>
  <dc:contributor>Petros Lamula</dc:contributor>
  <dc:creator>Benathi Marufu</dc:creator>
  <dc:date>2020-10-05</dc:date>
  <dc:description>http://emandulo.apc.uct.ac.za/collection/FHYA%20Depot/uMgungundlovu/Lamula_P_uZulukamalandela_a_most_practical_and_concise_compendium_of_African_History_1930.pdf</dc:description>
  <dc:format>text/xml</dc:format>
  <dc:identifier>http://emandulo.apc.uct.ac.za/metadata/FHYA Depot/85</dc:identifier>
  <dc:publisher>Benathi Marufu</dc:publisher>
  <dc:rights>Creative Commons License: CC BY-NC-ND  

https://creativecommons.org/licenses/by-nc-nd/3.0/

Unless otherwise stated the copyright of all material on the FHYA resides with the contributing institution/custodian.</dc:rights>
  <dc:source>[Source - Benathi Marufu for FHYA, 2020: A digital copy of uZulu kaMalandela: A Most Practical and Concise Compendium of African History Combined with Genealogy, Chronology, Geography and Biography. by Petros Lamula. Durban: Suleman Hoosen and son, 1924.]</dc:source>
  <dc:subject>fhya-depot</dc:subject>
  <dc:title>uZulu kaMalandela: A Most Practical and Concise Compendium of African History Combined with Genealogy, Chronology, Geography and Biography</dc:title>
  <dc:type>Textual record</dc:type>
</oai_dc:dc>
