<item>
   <qubitParentSlug>fhya-depot</qubitParentSlug>
   <title>uZulu kaMalandela: A Most Practical and Concise Compendium of African History Combined with Genealogy, Chronology, Geography and Biography</title>
   <radGeneralMaterialDesignation>Textual record</radGeneralMaterialDesignation>
   <levelOfDescription>item</levelOfDescription>
   <scopeAndContent>[Source - Benathi Marufu for FHYA, 2020: A digital copy of uZulu kaMalandela: A Most Practical and Concise Compendium of African History Combined with Genealogy, Chronology, Geography and Biography. by Petros Lamula. Durban: Suleman Hoosen and son, 1924.]</scopeAndContent>
   <reproductionConditions>Creative Commons License: CC BY-NC-ND  

https://creativecommons.org/licenses/by-nc-nd/3.0/

Unless otherwise stated the copyright of all material on the FHYA resides with the contributing institution/custodian.</reproductionConditions>
   <event>
      <eventActor id="internal1">Five Hundred Year Archive (FHYA)</eventActor>
      <eventType>Online curation</eventType>
      <eventDate>2020</eventDate>
      <eventDescription>Digitised by the FHYA in 2018</eventDescription>
   </event>
   <event>
      <eventActor id="internal43">University of Cape Town</eventActor>
      <eventType>Digitisation</eventType>
      <eventDate>2018</eventDate>
      <eventDescription></eventDescription>
   </event>
   <event>
      <eventActor id="internal44">Suleman Hoosen and sons</eventActor>
      <eventType>Publication</eventType>
      <eventDate>1924</eventDate>
      <eventDescription></eventDescription>
   </event>
   <event>
      <eventActor id="internal45">Petros Lamula</eventActor>
      <eventType>Writing </eventType>
      <eventDate>[192-?]</eventDate>
      <eventDescription></eventDescription>
   </event>
   <view>
      <title>uZulu kaMalandela: A Most Practical and Concise Compendium of African History Combined with Genealogy, Chronology, Geography and Biography</title>
      <file>FHYA%20Depot/uMgungundlovu/Lamula_P_uZulukamalandela_a_most_practical_and_concise_compendium_of_African_History_1930.pdf</file>
   </view>
</item>
