<?xml version='1.0' encoding='utf-8'?>
<oai_dc:dc xmlns:dc="http://purl.org/dc/elements/1.1/" xmlns:oai_dc="http://www.openarchives.org/OAI/2.0/oai_dc/" xmlns:xsi="http://www.w3.org/2001/XMLSchema-instance" xsi:schemaLocation="http://www.openarchives.org/OAI/2.0/oai_dc/ http://www.openarchives.org/OAI/2.0/oai_dc.xsd">
  <dc:contributor>The New Digital Bleek and Lloyd Archive</dc:contributor>
  <dc:creator>Dia!kwain (David Hoesar) (V)</dc:creator>
  <dc:date>2020-10-05</dc:date>
  <dc:description>In former times, when animals were people, the Baboons were jealous of a young Quagga woman, who lived with them, on account of the notice attracted by her great size. For this reason, as well as for her fatness, they killed her, telling the other people that her flesh was that of a young gemsbok. In Katkop dialect, by Dia!kwain, who had it from his father Xaattin (L V.-25. 5993-5997). The Punishment of the Baboon, which appears to be a continuation of the above fable, was narrated to Dia!kwain by an older female relation named Ttuobboken !kaugn (L V.-24. 5974-5991). An explanatory note to the story of the Punishment of the Baboon was also given by Dia!kwain from information received from his mother, =kamme-an (L V.-24. 5992). A story of the Early Race (or 'First Time') when all things were people. The Baboons eat a woman who lives with them because she is fat. 1) p.5991v: Dia!kwain heard this from his mother (=kamme-an); it is a story of the 'First Time' when all things were people, including |kaggen (the Mantis), 2) p.3992v: names and description of plants eaten or feared, 3) See also The woman who was killed by the baboons and Baboons who ate human beings, 4) This story is found in Book V-24.</dc:description>
  <dc:format>text/xml</dc:format>
  <dc:identifier>http://pumbaa.cs.uct.ac.za/~balnew/metadata/stories/556</dc:identifier>
  <dc:publisher>Lucy Lloyd</dc:publisher>
  <dc:rights>CC-BY-NC-ND</dc:rights>
  <dc:source>Lucy Lloyd</dc:source>
  <dc:subject>Lucy Lloyd |xam notebooks</dc:subject>
  <dc:title>The woman eaten by Baboons: a fragment of the account</dc:title>
  <dc:type>story</dc:type>
</oai_dc:dc>
