<?xml version='1.0' encoding='utf-8'?>
<oai_dc:dc xmlns:dc="http://purl.org/dc/elements/1.1/" xmlns:oai_dc="http://www.openarchives.org/OAI/2.0/oai_dc/" xmlns:xsi="http://www.w3.org/2001/XMLSchema-instance" xsi:schemaLocation="http://www.openarchives.org/OAI/2.0/oai_dc/ http://www.openarchives.org/OAI/2.0/oai_dc.xsd">
  <dc:contributor>Five Hundred Year Archive</dc:contributor>
  <dc:contributor>C. Struik (PTY) LTD</dc:contributor>
  <dc:contributor>Alan R. Booth</dc:contributor>
  <dc:contributor>George Champion</dc:contributor>
  <dc:creator>Benathi Marufu</dc:creator>
  <dc:date>2020-10-05</dc:date>
  <dc:description>http://emandulo.apc.uct.ac.za/collection/FHYA%20Depot/Booth_A_The_Journal_ofthe_Rev_George_Champion.pdf</dc:description>
  <dc:format>text/xml</dc:format>
  <dc:identifier>http://emandulo.apc.uct.ac.za/metadata/FHYA Depot/26</dc:identifier>
  <dc:publisher>Benathi Marufu</dc:publisher>
  <dc:rights>Creative Commons License: CC BY-NC-ND 

https://creativecommons.org/licenses/by-nc-nd/3.0/

Unless otherwise stated the copyright of all material on the FHYA resides with the contributing institution/custodian.</dc:rights>
  <dc:source>[Source - Benathi Marufu for FHYA, 2020: A digital copy of the Journal of the Rev. George Champion. American Missionary in Zululand 1835-9. Edited and annotated by Alan R. Booth, A.B., M.A., Ph.D. Cape Town. C. Struik (PTY) LTD. 1967]</dc:source>
  <dc:subject>fhya-depot</dc:subject>
  <dc:title>Journal of the Rev. George Champion</dc:title>
  <dc:type>Textual record</dc:type>
</oai_dc:dc>
