<item>
   <qubitParentSlug>fhya-depot</qubitParentSlug>
   <title>Journal of the Rev. George Champion</title>
   <radGeneralMaterialDesignation>Textual record</radGeneralMaterialDesignation>
   <levelOfDescription>item</levelOfDescription>
   <scopeAndContent>[Source - Benathi Marufu for FHYA, 2020: A digital copy of the Journal of the Rev. George Champion. American Missionary in Zululand 1835-9. Edited and annotated by Alan R. Booth, A.B., M.A., Ph.D. Cape Town. C. Struik (PTY) LTD. 1967]</scopeAndContent>
   <reproductionConditions>Creative Commons License: CC BY-NC-ND 

https://creativecommons.org/licenses/by-nc-nd/3.0/

Unless otherwise stated the copyright of all material on the FHYA resides with the contributing institution/custodian.</reproductionConditions>
   <event>
      <eventActor id="internal307">Five Hundred Year Archive</eventActor>
      <eventType>Online curation</eventType>
      <eventDate>2020 -</eventDate>
      <eventDescription>Digital copy by the Five Hundred Year Archive</eventDescription>
   </event>
   <event>
      <eventActor id="internal342">C. Struik (PTY) LTD</eventActor>
      <eventType>Publication</eventType>
      <eventDate>1967</eventDate>
      <eventDescription></eventDescription>
   </event>
   <event>
      <eventActor id="internal343">Alan R. Booth</eventActor>
      <eventType>Editing</eventType>
      <eventDate>[196-?]</eventDate>
      <eventDescription></eventDescription>
   </event>
   <event>
      <eventActor id="internal344">George Champion</eventActor>
      <eventType>Writing </eventType>
      <eventDate>[ca. 1835-1839]</eventDate>
      <eventDescription></eventDescription>
   </event>
   <view>
      <title>Journal of the Rev. George Champion</title>
      <file>FHYA%20Depot/Booth_A_The_Journal_ofthe_Rev_George_Champion.pdf</file>
   </view>
</item>
