<item>
   <qubitParentSlug>fhya-depot</qubitParentSlug>
   <title>Andrew Smith and Natal</title>
   <radGeneralMaterialDesignation>Textual record</radGeneralMaterialDesignation>
   <levelOfDescription>item</levelOfDescription>
   <scopeAndContent>[Source - Benathi Marufu for FHYA, 2020: A digitised copy of the book Andrew Smith and Natal. Documents relating to the early history of that province. Selected, edited and annotated by Percival R. Kirby. The Van Riebeeck Society. Cape Town. 1955]</scopeAndContent>
   <reproductionConditions>Creative Commons License: CC BY-NC-ND  

https://creativecommons.org/licenses/by-nc-nd/3.0/

Unless otherwise stated the copyright of all material on the FHYA resides with the contributing institution/custodian.</reproductionConditions>
   <event>
      <eventActor id="internal1">Five Hundred Year Archive (FHYA)</eventActor>
      <eventType>Online curation</eventType>
      <eventDate>2020</eventDate>
      <eventDescription>Digital copy by the FHYA</eventDescription>
   </event>
   <event>
      <eventActor id="internal46">The Van Riebeeck Society</eventActor>
      <eventType>Publication</eventType>
      <eventDate>1955</eventDate>
      <eventDescription></eventDescription>
   </event>
   <event>
      <eventActor id="internal51">Percival R. Kirby</eventActor>
      <eventType>Editing</eventType>
      <eventDate>1955</eventDate>
      <eventDescription></eventDescription>
   </event>
   <event>
      <eventActor id="internal52">Andrew Smith </eventActor>
      <eventType>Writing </eventType>
      <eventDate>[19-?]</eventDate>
      <eventDescription></eventDescription>
   </event>
   <view>
      <title>Andrew Smith and Natal</title>
      <file>FHYA%20Depot/uMgungundlovu/AndrewSmithAndNatal_Kirby_Percival_R.pdf</file>
   </view>
</item>
