<item>
   <qubitParentSlug>fhya-depot</qubitParentSlug>
   <title>The Story of the Zulus</title>
   <radGeneralMaterialDesignation>Textual record</radGeneralMaterialDesignation>
   <levelOfDescription>item</levelOfDescription>
   <scopeAndContent>[Source - Benathi Marufu for FHYA, 2020: A digitised copy of the book The Story of the Zulus by Gibson, James Young. London: Longmans, Green and Co, 1911.]</scopeAndContent>
   <reproductionConditions>Creative Commons License: CC BY-NC-ND  

https://creativecommons.org/licenses/by-nc-nd/3.0/

Unless otherwise stated the copyright of all material on the FHYA resides with the contributing institution/custodian.</reproductionConditions>
   <event>
      <eventActor id="internal1">Five Hundred Year Archive (FHYA)</eventActor>
      <eventType>Online curation</eventType>
      <eventDate>2020</eventDate>
      <eventDescription>Digitised by the Internet Archive
in 2007 with funding from Microsoft Corporation</eventDescription>
   </event>
   <event>
      <eventActor id="internal37">Internet Archive</eventActor>
      <eventType>Digitisation</eventType>
      <eventDate>2007</eventDate>
      <eventDescription></eventDescription>
   </event>
   <event>
      <eventActor id="internal38">University of California</eventActor>
      <eventType>Library Holding</eventType>
      <eventDate>[19-?]</eventDate>
      <eventDescription></eventDescription>
   </event>
   <event>
      <eventActor id="internal31">Longmans, Green and Company</eventActor>
      <eventType>Publication</eventType>
      <eventDate>1911</eventDate>
      <eventDescription></eventDescription>
   </event>
   <event>
      <eventActor id="internal39">J. Y. Gibson</eventActor>
      <eventType>Writing </eventType>
      <eventDate>[19-?]</eventDate>
      <eventDescription></eventDescription>
   </event>
   <view>
      <title>The Story of the Zulus</title>
      <file>FHYA%20Depot/uMgungundlovu/Gibson_James_Young_The_story_of_the_Zulus.pdf</file>
   </view>
</item>
