<item>
   <qubitParentSlug>fhya-depot</qubitParentSlug>
   <title>The Kafirs Illustrated and series of drawings taken among the Amazulu, Amaponda, and Amakosa Tribes: also, portraits of the Hottentot, Malay, Fingo, and other races inhabiting Southern Africa: together with sketches of landscape scenery in the zulu country Natal and the cape colony</title>
   <radGeneralMaterialDesignation>Textual record</radGeneralMaterialDesignation>
   <levelOfDescription>item</levelOfDescription>
   <scopeAndContent>[Source - Benathi Marufu for FHYA, 2020: A digital copy of the book The Kafirs Illustrated and series of drawings taken among the Amazulu, Amaponda, and Amakosa Tribes: also, portraits of the Hottentot, Malay, Fingo, and other races inhabiting Southern Africa: together with sketches of landscape scenery in the zulu country Natal and the cape colony by George French Angas. To his excellency Major-General Sir Harry Smith, Bart. G.C.B. The administrator of the government and her Majesty High-commissioner to The Cape of Good Hope. London: Published by J. Hogarth, 5 HAYMARKET.]</scopeAndContent>
   <reproductionConditions>Creative Commons License: CC BY-NC-ND 

https://creativecommons.org/licenses/by-nc-nd/3.0/

Unless otherwise stated the copyright of all material on the FHYA resides with the contributing institution/custodian.</reproductionConditions>
   <event>
      <eventActor id="internal307">Five Hundred Year Archive</eventActor>
      <eventType>Online curation</eventType>
      <eventDate>2020 -</eventDate>
      <eventDescription>This copy was downloaded from the internet. No information of who digitised the book is available at this time</eventDescription>
   </event>
   <event>
      <eventActor id="internal308">J. Hogarth, 5 HAYMARKET</eventActor>
      <eventType>Publication</eventType>
      <eventDate>1849</eventDate>
      <eventDescription></eventDescription>
   </event>
   <event>
      <eventActor id="internal309">George French Angas</eventActor>
      <eventType>Writing </eventType>
      <eventDate>[184-?]</eventDate>
      <eventDescription></eventDescription>
   </event>
   <view>
      <title>The Kafirs Illustrated and series of drawings taken among the Amazulu, Amaponda, and Amakosa Tribes: also, portraits of the Hottentot, Malay, Fingo, and other races inhabiting Southern Africa: together with sketches of landscape scenery in the zulu country Natal and the cape colony</title>
      <file>FHYA%20Depot/Angas_George_French_kafirsillustrat00anga.pdf</file>
   </view>
</item>
