<?xml version='1.0' encoding='utf-8'?>
<oai_dc:dc xmlns:dc="http://purl.org/dc/elements/1.1/" xmlns:oai_dc="http://www.openarchives.org/OAI/2.0/oai_dc/" xmlns:xsi="http://www.w3.org/2001/XMLSchema-instance" xsi:schemaLocation="http://www.openarchives.org/OAI/2.0/oai_dc/ http://www.openarchives.org/OAI/2.0/oai_dc.xsd">
  <dc:contributor>Five Hundred Year Archive</dc:contributor>
  <dc:contributor>J. Hogarth, 5 HAYMARKET</dc:contributor>
  <dc:contributor>George French Angas</dc:contributor>
  <dc:creator>Benathi Marufu</dc:creator>
  <dc:date>2020-10-05</dc:date>
  <dc:description>http://emandulo.apc.uct.ac.za/collection/FHYA%20Depot/Angas_George_French_kafirsillustrat00anga.pdf</dc:description>
  <dc:format>text/xml</dc:format>
  <dc:identifier>http://emandulo.apc.uct.ac.za/metadata/FHYA Depot/38</dc:identifier>
  <dc:publisher>Benathi Marufu</dc:publisher>
  <dc:rights>Creative Commons License: CC BY-NC-ND 

https://creativecommons.org/licenses/by-nc-nd/3.0/

Unless otherwise stated the copyright of all material on the FHYA resides with the contributing institution/custodian.</dc:rights>
  <dc:source>[Source - Benathi Marufu for FHYA, 2020: A digital copy of the book The Kafirs Illustrated and series of drawings taken among the Amazulu, Amaponda, and Amakosa Tribes: also, portraits of the Hottentot, Malay, Fingo, and other races inhabiting Southern Africa: together with sketches of landscape scenery in the zulu country Natal and the cape colony by George French Angas. To his excellency Major-General Sir Harry Smith, Bart. G.C.B. The administrator of the government and her Majesty High-commissioner to The Cape of Good Hope. London: Published by J. Hogarth, 5 HAYMARKET.]</dc:source>
  <dc:subject>fhya-depot</dc:subject>
  <dc:title>The Kafirs Illustrated and series of drawings taken among the Amazulu, Amaponda, and Amakosa Tribes: also, portraits of the Hottentot, Malay, Fingo, and other races inhabiting Southern Africa: together with sketches of landscape scenery in the zulu country Natal and the cape colony</dc:title>
  <dc:type>Textual record</dc:type>
</oai_dc:dc>
