<item>
   <qubitParentSlug>fhya-depot</qubitParentSlug>
   <title>A Zulu - Kafir Dictionary</title>
   <radGeneralMaterialDesignation>Textual record</radGeneralMaterialDesignation>
   <levelOfDescription>item</levelOfDescription>
   <scopeAndContent>[Source - Benathi Marufu for FHYA, 2020: Zulu - Kafir Dictionary etymologically explained, with copious illustrations and examples, preceded by an introduction on the Zulu - Kafir language. By the Rev. J. L. Dohne, missionary to the American board C. F. M. Cape Town: Printed at G. J. Pike&apos;s Machine Printing office, 59, Sr. George&apos;s - Street, 1857.]</scopeAndContent>
   <reproductionConditions>Creative Commons License: CC BY-NC-ND  

https://creativecommons.org/licenses/by-nc-nd/3.0/

Unless otherwise stated the copyright of all material on the FHYA resides with the contributing institution/custodian.</reproductionConditions>
   <event>
      <eventActor id="internal1">Five Hundred Year Archive (FHYA)</eventActor>
      <eventType>Online curation</eventType>
      <eventDate>2020 -</eventDate>
      <eventDescription>Digitised by the google book project</eventDescription>
   </event>
   <event>
      <eventActor id="internal388">Pike&apos;s Machine Printing office, 59, Sr. George&apos;s - Street</eventActor>
      <eventType>Printing</eventType>
      <eventDate>1857</eventDate>
      <eventDescription></eventDescription>
   </event>
   <event>
      <eventActor id="internal389">J. L. Dohne</eventActor>
      <eventType>Writing</eventType>
      <eventDate>18-?</eventDate>
      <eventDescription></eventDescription>
   </event>
   <view>
      <title>A Zulu - Kafir Dictionary</title>
      <file>FHYA%20Depot/Dohne_A_Zulu_Kafir_Dictionary.pdf</file>
   </view>
</item>
