<?xml version='1.0' encoding='utf-8'?>
<oai_dc:dc xmlns:dc="http://purl.org/dc/elements/1.1/" xmlns:oai_dc="http://www.openarchives.org/OAI/2.0/oai_dc/" xmlns:xsi="http://www.w3.org/2001/XMLSchema-instance" xsi:schemaLocation="http://www.openarchives.org/OAI/2.0/oai_dc/ http://www.openarchives.org/OAI/2.0/oai_dc.xsd">
  <dc:contributor>Five Hundred Year Archive (FHYA)</dc:contributor>
  <dc:contributor>Pike's Machine Printing office, 59, Sr. George's - Street</dc:contributor>
  <dc:contributor>J. L. Dohne</dc:contributor>
  <dc:creator>Benathi Marufu</dc:creator>
  <dc:date>2020-10-05</dc:date>
  <dc:description>http://emandulo.apc.uct.ac.za/collection/FHYA%20Depot/Dohne_A_Zulu_Kafir_Dictionary.pdf</dc:description>
  <dc:format>text/xml</dc:format>
  <dc:identifier>http://emandulo.apc.uct.ac.za/metadata/FHYA Depot/62</dc:identifier>
  <dc:publisher>Benathi Marufu</dc:publisher>
  <dc:rights>Creative Commons License: CC BY-NC-ND  

https://creativecommons.org/licenses/by-nc-nd/3.0/

Unless otherwise stated the copyright of all material on the FHYA resides with the contributing institution/custodian.</dc:rights>
  <dc:source>[Source - Benathi Marufu for FHYA, 2020: Zulu - Kafir Dictionary etymologically explained, with copious illustrations and examples, preceded by an introduction on the Zulu - Kafir language. By the Rev. J. L. Dohne, missionary to the American board C. F. M. Cape Town: Printed at G. J. Pike's Machine Printing office, 59, Sr. George's - Street, 1857.]</dc:source>
  <dc:subject>fhya-depot</dc:subject>
  <dc:title>A Zulu - Kafir Dictionary</dc:title>
  <dc:type>Textual record</dc:type>
</oai_dc:dc>
