<item>
   <qubitParentSlug>fhya-depot</qubitParentSlug>
   <title>The dynamics of power and conflict in the Thukela - Mzimkhulu region in the late 18th and early 19th centuries: A critical reconstruction.</title>
   <radGeneralMaterialDesignation>Textual record</radGeneralMaterialDesignation>
   <levelOfDescription>item</levelOfDescription>
   <scopeAndContent>[Source - Benathi Marufu for eMandulo, 2020:  A digital copy of John Wright&apos;s doctoral thesis titled The dynamics of power and conflict in the Thukela - Mzimkhulu region in the late 18th and early 19th centuries: A critical reconstruction.]</scopeAndContent>
   <reproductionConditions>Creative Commons License: CC BY-NC-ND  

https://creativecommons.org/licenses/by-nc-nd/3.0/

Unless otherwise stated the copyright of all material on the FHYA resides with the contributing institution/custodian.</reproductionConditions>
   <event>
      <eventActor id="internal1">Five Hundred Year Archive (FHYA)</eventActor>
      <eventType>Online curation</eventType>
      <eventDate>2020 -</eventDate>
      <eventDescription>Digital copy from the University of Witwatersrand</eventDescription>
   </event>
   <event>
      <eventActor id="internal54">John Wright</eventActor>
      <eventType>Writing</eventType>
      <eventDate>1989</eventDate>
      <eventDescription></eventDescription>
   </event>
   <view>
      <title>The dynamics of power and conflict in the Thukela - Mzimkhulu region in the late 18th and early 19th centuries: A critical reconstruction.</title>
      <file>FHYA%20Depot/Wright_John_Thesis_1989.pdf</file>
   </view>
</item>
