<item>
   <qubitParentSlug>fhya-depot</qubitParentSlug>
   <title>Incidents of Missionary Enterprise; illustrative of the progress of Christianity in heathen countries, and of the researches, sufferings, and adventures of missionaries</title>
   <radGeneralMaterialDesignation>Textual record</radGeneralMaterialDesignation>
   <levelOfDescription>item</levelOfDescription>
   <scopeAndContent>[Source - Benathi Marufu for FHYA, 2020: A digtised copy of Incidents of Missionary Enterprise; illustrative of the progress of Christianity in heathen countries, and of the researches, sufferings, and adventures of missionaries. Edited by Andrew R. Bonar, author of the &apos;last days of the martyrs.&apos; Third edition. London: Thomas Nelson, Paternoster Row and Edinburgh.]</scopeAndContent>
   <reproductionConditions>Creative Commons License: CC BY-NC-ND  

https://creativecommons.org/licenses/by-nc-nd/3.0/

Unless otherwise stated the copyright of all material on the FHYA resides with the contributing institution/custodian.</reproductionConditions>
   <event>
      <eventActor id="internal1">Five Hundred Year Archive (FHYA)</eventActor>
      <eventType>Online curation</eventType>
      <eventDate>2020 -</eventDate>
      <eventDescription>Digitised by the google book project</eventDescription>
   </event>
   <event>
      <eventActor id="internal393">London: Thomas Nelson, Paternoster Row, and Edinburgh</eventActor>
      <eventType>Publication</eventType>
      <eventDate>1849</eventDate>
      <eventDescription></eventDescription>
   </event>
   <event>
      <eventActor id="internal394">Andrew R. Bonar</eventActor>
      <eventType>Editing</eventType>
      <eventDate>1849</eventDate>
      <eventDescription></eventDescription>
   </event>
   <view>
      <title>Incidents of Missionary Enterprise; illustrative of the progress of Christianity in heathen countries, and of the researches, sufferings, and adventures of missionaries</title>
      <file>FHYA%20Depot/Bonar_Incidents_of_Missionary_Enterprise.pdf</file>
   </view>
</item>
