<item>
   <qubitParentSlug>fhya-depot</qubitParentSlug>
   <title>The Annals of Natal: 1495 to 1845. Vol.1</title>
   <radGeneralMaterialDesignation>Textual record</radGeneralMaterialDesignation>
   <levelOfDescription>item</levelOfDescription>
   <scopeAndContent>[Source - Benathi Marufu for FHYA, 2020: A digital copy of John, Bird&apos;s, The Annals of Natal: 1495 to 1845. Vol. 1: P. Pietermaritzburg: Davis &amp; sons, 1888.]</scopeAndContent>
   <reproductionConditions>Creative Commons License: CC BY-NC-ND 

https://creativecommons.org/licenses/by-nc-nd/3.0/

Unless otherwise stated the copyright of all material on the FHYA resides with the contributing institution/custodian.</reproductionConditions>
   <event>
      <eventActor id="internal307">Five Hundred Year Archive</eventActor>
      <eventType>Online curation</eventType>
      <eventDate>2020 -</eventDate>
      <eventDescription>Digital copy from Google Book Search Project</eventDescription>
   </event>
   <event>
      <eventActor id="internal312">Pietermaritzburg:P. Davis &amp; sons</eventActor>
      <eventType>Publication</eventType>
      <eventDate>1888</eventDate>
      <eventDescription></eventDescription>
   </event>
   <event>
      <eventActor id="internal313">John Bird</eventActor>
      <eventType>Writing</eventType>
      <eventDate>[18-?]</eventDate>
      <eventDescription></eventDescription>
   </event>
   <view>
      <title>The Annals of Natal: 1495 to 1845. Vol.1</title>
      <file>FHYA%20Depot/Bird_John_The_Annals_of_Natal_1495_to_1845_Vol_1.pdf</file>
   </view>
</item>
