<item>
   <qubitParentSlug>fhya-depot</qubitParentSlug>
   <title>&apos;n Rekonstruksie van geelkoperbewerking by Mgungundlovu</title>
   <radGeneralMaterialDesignation>Textual record</radGeneralMaterialDesignation>
   <levelOfDescription>item</levelOfDescription>
   <scopeAndContent>[Source - Benathi Marufu for FHYA, 2020: A digtised copy of Frans Roodt&apos;s &apos;n Rekonstruksie van geelkoperbewerking by Mgungundlovu. MA (Argeologie) University of Pretoria, 1993.]</scopeAndContent>
   <reproductionConditions>Creative Commons License: CC BY-NC-ND  

https://creativecommons.org/licenses/by-nc-nd/3.0/

Unless otherwise stated the copyright of all material on the FHYA resides with the contributing institution/custodian.</reproductionConditions>
   <event>
      <eventActor id="internal1">Five Hundred Year Archive (FHYA)</eventActor>
      <eventType>Online curation</eventType>
      <eventDate>2020 -</eventDate>
      <eventDescription>Digitised by the University of Pretoria, Library services, 2015</eventDescription>
   </event>
   <event>
      <eventActor id="internal259">Frans Roodt</eventActor>
      <eventType>Writing</eventType>
      <eventDate>1993</eventDate>
      <eventDescription></eventDescription>
   </event>
   <view>
      <title>&apos;n Rekonstruksie van geelkoperbewerking by Mgungundlovu</title>
      <file>FHYA%20Depot/Roodt_Rekonstruksie_1993.pdf</file>
   </view>
</item>
