<item>
   <qubitParentSlug>fhya-depot</qubitParentSlug>
   <title>Zululand and the Zulus</title>
   <radGeneralMaterialDesignation>Textual record</radGeneralMaterialDesignation>
   <levelOfDescription>item</levelOfDescription>
   <scopeAndContent>[Source - Benathi Marufu for FHYA, 2020: A digital copy of the book Zululand and the Zulus: their history, beliefs, customs, military system, home life, legends, etc., etc., and missions to them . By J. A. Farrer. Second Edition. London: Kerby &amp; Endean, 190 Oxford Street. 1879.]</scopeAndContent>
   <reproductionConditions>Creative Commons License: CC BY-NC-ND 

https://creativecommons.org/licenses/by-nc-nd/3.0/

Unless otherwise stated the copyright of all material on the FHYA resides with the contributing institution/custodian.</reproductionConditions>
   <event>
      <eventActor id="internal307">Five Hundred Year Archive</eventActor>
      <eventType>Online curation</eventType>
      <eventDate>2020 -</eventDate>
      <eventDescription>Digital copy by the Five Hundred Year Archive</eventDescription>
   </event>
   <event>
      <eventActor id="internal347">Kerby and Endean, 190 Oxford Street</eventActor>
      <eventType>Publication</eventType>
      <eventDate>1879</eventDate>
      <eventDescription></eventDescription>
   </event>
   <event>
      <eventActor id="internal348">J. A Farrer</eventActor>
      <eventType>Writing </eventType>
      <eventDate>[18-?]</eventDate>
      <eventDescription></eventDescription>
   </event>
   <view>
      <title>Zululand and the Zulus</title>
      <file>FHYA%20Depot/Farrer_J_A_Zululand_andthe_Zulus.pdf</file>
   </view>
</item>
