<item>
   <qubitParentSlug>fhya-depot</qubitParentSlug>
   <title>Bryant map of Zululand and Natal</title>
   <radGeneralMaterialDesignation>Textual record</radGeneralMaterialDesignation>
   <levelOfDescription>item</levelOfDescription>
   <scopeAndContent>[Source - Benathi Marufu for FHYA, 2020: This map comes from the Olden Times in Natal and Zululand by Bryant, AT. London: Longmans, 1929. Bryant&apos;s book, published by Longmans, Green and Co. consists of 697 pages and includes two maps and thirty-one illustrations.]</scopeAndContent>
   <reproductionConditions>Creative Commons License: CC BY-NC-ND 

https://creativecommons.org/licenses/by-nc-nd/3.0/

Unless otherwise stated the copyright of all material on the FHYA resides with the contributing institution/custodian.</reproductionConditions>
   <event>
      <eventActor id="internal307">Five Hundred Year Archive</eventActor>
      <eventType>Online curation</eventType>
      <eventDate>2020 -</eventDate>
      <eventDescription>Digital copy by the Five Hundred Year Archive</eventDescription>
   </event>
   <event>
      <eventActor id="internal321">Longman, Green and Co.</eventActor>
      <eventType>Publication</eventType>
      <eventDate>1929</eventDate>
      <eventDescription></eventDescription>
   </event>
   <event>
      <eventActor id="internal32">Alfred Thomas Bryant</eventActor>
      <eventType>Writing </eventType>
      <eventDate>[192-?]</eventDate>
      <eventDescription></eventDescription>
   </event>
   <view>
      <title>Bryant map of Zululand and Natal</title>
      <file>FHYA%20Depot/Bryant_Map_of_Zululand_and_Natal.pdf</file>
   </view>
</item>
