<?xml version='1.0' encoding='utf-8'?>
<oai_dc:dc xmlns:dc="http://purl.org/dc/elements/1.1/" xmlns:oai_dc="http://www.openarchives.org/OAI/2.0/oai_dc/" xmlns:xsi="http://www.w3.org/2001/XMLSchema-instance" xsi:schemaLocation="http://www.openarchives.org/OAI/2.0/oai_dc/ http://www.openarchives.org/OAI/2.0/oai_dc.xsd">
  <dc:contributor>The New Digital Bleek and Lloyd Archive</dc:contributor>
  <dc:creator>=kasin (Klaas Katkop) (IV)</dc:creator>
  <dc:date>2020-10-05</dc:date>
  <dc:description>Bushman poisons: their names given in Bushman, but the remarks respecting them in English only, after =kasin (L IV.-1. 3472-3480). Names and descriptions of poisons, including where they are found and how they are used and prepared, and their effects on people and the game they have shot for eating. 1) Date on p.3479: 10 November, 2) This story is found in Book IV-1.</dc:description>
  <dc:format>text/xml</dc:format>
  <dc:identifier>http://pumbaa.cs.uct.ac.za/~balnew/metadata/stories/338</dc:identifier>
  <dc:publisher>Lucy Lloyd</dc:publisher>
  <dc:rights>CC-BY-NC-ND</dc:rights>
  <dc:source>Lucy Lloyd</dc:source>
  <dc:subject>Lucy Lloyd |xam notebooks</dc:subject>
  <dc:title>!gweh or Malkop Gift (poisons)</dc:title>
  <dc:type>story</dc:type>
</oai_dc:dc>
