<item>
   <qubitParentSlug>fhya-depot</qubitParentSlug>
   <title>Trade and politics in Southern Mozambique and Zululand in the eighteenth and early nineteenth centuries</title>
   <radGeneralMaterialDesignation>Textual record</radGeneralMaterialDesignation>
   <levelOfDescription>item</levelOfDescription>
   <scopeAndContent>[Source - Benathi Marufu for FHYA, 2020: A copy of David William Hedges&apos; Doctoral thesis titled Trade and politics in Southern Mozambique and Zululand in the eighteenth and early nineteenth centuries. School of Oriental and African Studies University of London 1978.]</scopeAndContent>
   <reproductionConditions>Creative Commons License: CC BY-NC-ND 

https://creativecommons.org/licenses/by-nc-nd/3.0/

Unless otherwise stated the copyright of all material on the FHYA resides with the contributing institution/custodian.</reproductionConditions>
   <event>
      <eventActor id="internal307">Five Hundred Year Archive</eventActor>
      <eventType>Online curation</eventType>
      <eventDate>2020 -</eventDate>
      <eventDescription>A digital copy from the School of Oriental and African Studies University of London</eventDescription>
   </event>
   <event>
      <eventActor id="internal320">David. W. Hedges</eventActor>
      <eventType>Writing </eventType>
      <eventDate>1978</eventDate>
      <eventDescription></eventDescription>
   </event>
   <view>
      <title>Trade and politics in Southern Mozambique and Zululand in the eighteenth and early nineteenth centuries</title>
      <file>FHYA%20Depot/Hedges_Thesis.pdf</file>
   </view>
</item>
