<item>
   <qubitParentSlug>fhya-depot</qubitParentSlug>
   <title>History of the colony of Natal, South Africa. To which is added, an appendix, containing a brief history of the Orange-River sovereignty and of the various races inhabiting it, the great lake N&apos;gami, commandoes of the Dutch Boers, &amp;c., &amp;c</title>
   <radGeneralMaterialDesignation>Textual record</radGeneralMaterialDesignation>
   <levelOfDescription>item</levelOfDescription>
   <scopeAndContent>[Source - Benathi Marufu for FHYA, 2020: A digital copy of the book History of the colony of Natal, South Africa: to which is added, an appendix, containing a brief history of the Orange-River sovereignty and of the various races inhabiting it, the great lake N&apos;gami, commandoes of the Dutch Boers, &amp;c., &amp;c. by William C. Holden. London: Alexander Heylin, 1855.]</scopeAndContent>
   <reproductionConditions>Creative Commons License: CC BY-NC-ND 

https://creativecommons.org/licenses/by-nc-nd/3.0/

Unless otherwise stated the copyright of all material on the FHYA resides with the contributing institution/custodian.</reproductionConditions>
   <event>
      <eventActor id="internal307">Five Hundred Year Archive</eventActor>
      <eventType>Online curation</eventType>
      <eventDate>2020 -</eventDate>
      <eventDescription>Digital copy from Google Book Search Project</eventDescription>
   </event>
   <event>
      <eventActor id="internal323">London: Alexander Heylin</eventActor>
      <eventType>Publication</eventType>
      <eventDate>1855</eventDate>
      <eventDescription></eventDescription>
   </event>
   <event>
      <eventActor id="internal324">Rev. William C. Holden</eventActor>
      <eventType>Writing </eventType>
      <eventDate>[185-?]</eventDate>
      <eventDescription></eventDescription>
   </event>
   <view>
      <title>History of the colony of Natal, South Africa. To which is added, an appendix, containing a brief history of the Orange-River sovereignty and of the various races inhabiting it, the great lake N&apos;gami, commandoes of the Dutch Boers, &amp;c., &amp;c</title>
      <file>FHYA%20Depot/Holden_William_C_History_ofthe_colony_of_Natal_South_Africa.pdf</file>
   </view>
</item>
