<item>
   <qubitParentSlug>fhya-depot</qubitParentSlug>
   <title>Zulu-English Dictionary</title>
   <radGeneralMaterialDesignation>Textual record</radGeneralMaterialDesignation>
   <levelOfDescription>item</levelOfDescription>
   <scopeAndContent>[Source - Benathi Marufu for FHYA, 2020: A digital copy of Zulu-English Dictionary by W. Colonso. 1861. Natal: Vause, Slatter &amp; co.]</scopeAndContent>
   <reproductionConditions>Creative Commons License: CC BY-NC-ND 

https://creativecommons.org/licenses/by-nc-nd/3.0/

Unless otherwise stated the copyright of all material on the FHYA resides with the contributing institution/custodian.</reproductionConditions>
   <event>
      <eventActor id="internal1">Five Hundred Year Archive (FHYA)</eventActor>
      <eventType>Online curation</eventType>
      <eventDate>2020 -</eventDate>
      <eventDescription>Digital copy from Google Book Search Project</eventDescription>
   </event>
   <event>
      <eventActor id="internal374">Vause, Slatter &amp; co.</eventActor>
      <eventType>Publication</eventType>
      <eventDate>1861</eventDate>
      <eventDescription></eventDescription>
   </event>
   <event>
      <eventActor id="internal375">J.W. Colenso</eventActor>
      <eventType>Writing </eventType>
      <eventDate>[18-?]</eventDate>
      <eventDescription></eventDescription>
   </event>
   <view>
      <title>Zulu-English Dictionary</title>
      <file>FHYA%20Depot/Colenso_John_W_Zulu_English_Dictionary.pdf</file>
   </view>
</item>
