<item>
   <qubitParentSlug>fhya-depot</qubitParentSlug>
   <title>Bantu, Boer, and Briton: The making of the South African native problem</title>
   <radGeneralMaterialDesignation>Textual record</radGeneralMaterialDesignation>
   <levelOfDescription>item</levelOfDescription>
   <scopeAndContent>[Source - Benathi Marufu for FHYA, 2020: A digital copy of the book Bantu, Boer, and Briton: The making of the South African problem by William Miller Macmillan. London. Faber &amp; Gwyer Limited, 24 Russell Square.]</scopeAndContent>
   <reproductionConditions>Creative Commons License: CC BY-NC-ND 

https://creativecommons.org/licenses/by-nc-nd/3.0/

Unless otherwise stated the copyright of all material on the FHYA resides with the contributing institution/custodian.</reproductionConditions>
   <event>
      <eventActor id="internal1">Five Hundred Year Archive (FHYA)</eventActor>
      <eventType>Online curation</eventType>
      <eventDate>2020 -</eventDate>
      <eventDescription>Digital copy by the Five Hundred Year Archive</eventDescription>
   </event>
   <event>
      <eventActor id="internal366">Faber &amp; Gwyer Limited</eventActor>
      <eventType>Publication</eventType>
      <eventDate>1929</eventDate>
      <eventDescription></eventDescription>
   </event>
   <event>
      <eventActor id="internal367">William Miller Macmillan</eventActor>
      <eventType>Writing </eventType>
      <eventDate>[192-?]</eventDate>
      <eventDescription></eventDescription>
   </event>
   <view>
      <title>Bantu, Boer, and Briton: The making of the South African native problem</title>
      <file>FHYA%20Depot/Macmillan_W_M_Bantu_Boer_and_Briton.pdf</file>
   </view>
</item>
